"variable","month","month_id","sig_pos","sig_neg","nosig_pos","nosig_neg","not_observed","domain_area_mill_km2"
"AED","January",1,0.172063758524979,0.14871358616734,0.371896864272076,0.293438130229856,0.0138876608057484,108.578
"AED","February",2,0.202515023566254,0.14962574439824,0.352230735677886,0.295615580995112,1.29153625069469e-05,108.578
"AED","March",3,0.216831613705358,0.180756068184919,0.316717676677984,0.285685883320402,8.75811133666307e-06,108.578
"AED","April",4,0.238708970833021,0.183930410696124,0.314677911288996,0.262674425352216,8.28182964174134e-06,108.578
"AED","May",5,0.265908876232761,0.205139358752572,0.269414292710477,0.25953258005281,4.89225138045339e-06,108.578
"AED","June",6,0.211511759704798,0.237641007155711,0.280780587323906,0.270062336333664,4.30948191985762e-06,108.578
"AED","July",7,0.122628388635168,0.236683996825219,0.327416213867891,0.31326499271568,6.40795604196501e-06,108.578
"AED","August",8,0.0931847228996129,0.247116429041973,0.316613363766176,0.343078484308943,6.9999832947838e-06,108.578
"AED","September",9,0.0939238253434474,0.222786075419867,0.34193511299514,0.34135076361153,4.22263001510968e-06,108.578
"AED","October",10,0.0944816320402514,0.202841679531093,0.354360041591375,0.348306660157502,9.98667977751825e-06,108.578
"AED","November",11,0.129873471650947,0.18159887889242,0.371368267731227,0.313198650034997,0.00396073169040766,108.578
"AED","December",12,0.145073676058425,0.147671066514863,0.345838884538147,0.294484720650099,0.0669316522384654,108.578
"Et","January",1,0.382581779109088,0.028756065601456,0.38829409137128,0.186422604273363,0.0139427887491107,108.578
"Et","February",2,0.388980305532429,0.0320903642597838,0.384573774708076,0.194269317199368,8.30741927566664e-05,108.578
"Et","March",3,0.403883856234498,0.0364673491229428,0.367094602553899,0.192471834503089,7.89169415863825e-05,108.578
"Et","April",4,0.451676765849609,0.030914990523432,0.356064253072947,0.161260676360831,7.84406598914608e-05,108.578
"Et","May",5,0.472072082842093,0.0345675837171052,0.329633834266566,0.163639425862215,8.05020782881482e-05,108.578
"Et","June",6,0.423200270834932,0.0345960150650094,0.376671268008523,0.165457921549439,7.08171789257409e-05,108.578
"Et","July",7,0.368769245997484,0.0371594204669412,0.397658314467783,0.196346295979195,6.64501977640906e-05,108.578
"Et","August",8,0.345358270533943,0.0380509986991128,0.390194350546877,0.226333478986699,6.03205547704069e-05,108.578
"Et","September",9,0.331509972746943,0.0376404758692077,0.418573225639785,0.212217852607425,5.75432014907328e-05,108.578
"Et","October",10,0.365558774709821,0.0363016886752867,0.396425927664059,0.201647269185405,6.43859046754943e-05,108.578
"Et","November",11,0.377866523040621,0.031387284169199,0.397649623917355,0.189063563295359,0.00403110174860298,108.578
"Et","December",12,0.367976476678321,0.0200620336141471,0.372898088141444,0.172068654654682,0.0669905778984131,108.578
"ED","January",1,0.226202281735208,0.125129476382651,0.320322307406627,0.314458273669765,0.0138876608057484,108.578
"ED","February",2,0.211060803884532,0.15753398481229,0.31473918512105,0.316653110819621,1.29153625069469e-05,108.578
"ED","March",3,0.237231832333857,0.175972485386567,0.295475404238822,0.291311519929416,8.75811133666307e-06,108.578
"ED","April",4,0.246559801398115,0.200482314742737,0.258083457402368,0.294866144627138,8.28182964174134e-06,108.578
"ED","May",5,0.276327797290125,0.196574185143563,0.261182221785515,0.265910903529416,4.89225138045339e-06,108.578
"ED","June",6,0.309626217014781,0.120258169485673,0.284698759645902,0.285412544371724,4.30948191985762e-06,108.578
"ED","July",7,0.314400771998334,0.0655091284703061,0.337384915784303,0.282698775791014,6.40795604196501e-06,108.578
"ED","August",8,0.316559239270006,0.0498167422833381,0.366531977525178,0.267085040938183,6.9999832947838e-06,108.578
"ED","September",9,0.292226826903166,0.0637798092753178,0.354071785966248,0.289917355225253,4.22263001510968e-06,108.578
"ED","October",10,0.288728158875083,0.0687106378524406,0.347417223583918,0.295133993008781,9.98667977751825e-06,108.578
"ED","November",11,0.258776872889715,0.0981546241395932,0.327015812332396,0.312091958947888,0.00396073169040766,108.578
"ED","December",12,0.229484310978418,0.108447624180282,0.30497285658326,0.290163556019574,0.0669316522384654,108.578
"SMrz","January",1,0.257861844553517,0.0474683677004617,0.389667227221642,0.267108548359056,0.0378940121653232,108.578
"SMrz","February",2,0.248986688513625,0.0419542289087415,0.405503889031237,0.277976392158574,0.0255788013878215,108.578
"SMrz","March",3,0.279566886001084,0.045390755798609,0.396261097018967,0.253201919343927,0.0255793418374126,108.578
"SMrz","April",4,0.278522626258496,0.0473599265051639,0.388706000116579,0.259832105282348,0.0255793418374126,108.578
"SMrz","May",5,0.298325097704096,0.0477634761744673,0.378788909585391,0.249545956400909,0.0255765601351352,108.578
"SMrz","June",6,0.312971164015779,0.0418274866684494,0.367498616391654,0.252125200912681,0.0255775320114365,108.578
"SMrz","July",7,0.318705718050202,0.0292195269708848,0.389573611297211,0.236923611670265,0.0255775320114365,108.578
"SMrz","August",8,0.320798278371217,0.0228215719447534,0.40274616468422,0.228054690469835,0.0255792945299742,108.578
"SMrz","September",9,0.280791105174218,0.0353139140899945,0.397865906441327,0.260450906437683,0.0255781678567763,108.578
"SMrz","October",10,0.291975794205341,0.0383601823707016,0.393890807121355,0.250194377087212,0.0255788392153895,108.578
"SMrz","November",11,0.261727772912091,0.0322121612620605,0.416735574544667,0.260367222815276,0.0289572684659051,108.578
"SMrz","December",12,0.229902428000122,0.0301615286392666,0.39076559728519,0.261571092098698,0.087599353976723,108.578
"SMs","January",1,0.292969723983663,0.054544333218566,0.370527042503106,0.244064888129341,0.0378940121653232,108.578
"SMs","February",2,0.289527941841416,0.0468308675945644,0.38888664522974,0.249175743946457,0.0255788013878215,108.578
"SMs","March",3,0.326455605897032,0.0445804828289174,0.379692612359794,0.223691957076844,0.0255793418374126,108.578
"SMs","April",4,0.326944603020276,0.0383022089321355,0.380798198783301,0.228375647426874,0.0255793418374126,108.578
"SMs","May",5,0.330894315275385,0.0333085135778309,0.379625294101906,0.230595316909741,0.0255765601351352,108.578
"SMs","June",6,0.331935023484674,0.0415049928516232,0.353466732106913,0.247515719545353,0.0255775320114365,108.578
"SMs","July",7,0.3306102410605,0.0299705752091375,0.375055119706193,0.238786532012732,0.0255775320114365,108.578
"SMs","August",8,0.330421131620074,0.0251388793940446,0.385524976897098,0.233335717558809,0.0255792945299742,108.578
"SMs","September",9,0.28888816863265,0.0376301816660536,0.381535955277241,0.266367526567278,0.0255781678567763,108.578
"SMs","October",10,0.310081885280164,0.031916834349302,0.391442960461208,0.240979480693936,0.0255788392153895,108.578
"SMs","November",11,0.287227295862601,0.0303367083119988,0.414620173161804,0.23885855419769,0.0289572684659051,108.578
"SMs","December",12,0.254433396668642,0.0306828218037693,0.383734880069239,0.243549547481626,0.087599353976723,108.578
