"indicator","month","area_Mkm2","pct"
"AED","January",34.83,32.1
"AED","February",38.23,35.2
"AED","March",43.17,39.8
"AED","April",45.89,42.3
"AED","May",51.15,47.1
"AED","June",48.77,44.9
"AED","July",39.01,35.9
"AED","August",36.95,34
"AED","September",34.39,31.7
"AED","October",32.28,29.7
"AED","November",33.82,31.1
"AED","December",31.79,29.3
"Et","January",44.66,41.1
"Et","February",45.72,42.1
"Et","March",47.81,44
"Et","April",52.4,48.3
"Et","May",55.01,50.7
"Et","June",49.71,45.8
"Et","July",44.08,40.6
"Et","August",41.63,38.3
"Et","September",40.08,36.9
"Et","October",43.63,40.2
"Et","November",44.44,40.9
"Et","December",42.13,38.8
"ED","January",38.15,35.1
"ED","February",40.02,36.9
"ED","March",44.87,41.3
"ED","April",48.54,44.7
"ED","May",51.35,47.3
"ED","June",46.68,43
"ED","July",41.25,38
"ED","August",39.78,36.6
"ED","September",38.65,35.6
"ED","October",38.81,35.7
"ED","November",38.76,35.7
"ED","December",36.69,33.8
"SMrz","January",33.15,30.5
"SMrz","February",31.59,29.1
"SMrz","March",35.28,32.5
"SMrz","April",35.38,32.6
"SMrz","May",37.58,34.6
"SMrz","June",38.52,35.5
"SMrz","July",37.78,34.8
"SMrz","August",37.31,34.4
"SMrz","September",34.32,31.6
"SMrz","October",35.87,33
"SMrz","November",31.92,29.4
"SMrz","December",28.24,26
"SMs","January",37.73,34.8
"SMs","February",36.52,33.6
"SMs","March",40.29,37.1
"SMs","April",39.66,36.5
"SMs","May",39.54,36.4
"SMs","June",40.55,37.3
"SMs","July",39.15,36.1
"SMs","August",38.61,35.6
"SMs","September",35.45,32.7
"SMs","October",37.13,34.2
"SMs","November",34.48,31.8
"SMs","December",30.96,28.5
"ANY (>=1)","January",68.92,63.5
"ANY (>=1)","February",70.79,65.2
"ANY (>=1)","March",74.4,68.5
"ANY (>=1)","April",76.71,70.7
"ANY (>=1)","May",78.17,72
"ANY (>=1)","June",75.32,69.4
"ANY (>=1)","July",67.73,62.4
"ANY (>=1)","August",64.98,59.8
"ANY (>=1)","September",63.01,58
"ANY (>=1)","October",66.15,60.9
"ANY (>=1)","November",65.51,60.3
"ANY (>=1)","December",61.69,56.8
