"Pair","Month","rho","pval"
"AED vs Et","January",0.12,5.12802296830867e-147
"AED vs ED","January",-0.61,0
"AED vs SMrz","January",-0.44,0
"AED vs SMs","January",-0.45,0
"Et vs ED","January",0.23,0
"Et vs SMrz","January",0.28,0
"Et vs SMs","January",0.31,0
"ED vs SMrz","January",0.62,0
"ED vs SMs","January",0.63,0
"SMrz vs SMs","January",0.91,0
"AED vs Et","February",0.17,0
"AED vs ED","February",-0.63,0
"AED vs SMrz","February",-0.39,0
"AED vs SMs","February",-0.37,0
"Et vs ED","February",0.12,4.50470930121518e-164
"Et vs SMrz","February",0.27,0
"Et vs SMs","February",0.31,0
"ED vs SMrz","February",0.54,0
"ED vs SMs","February",0.55,0
"SMrz vs SMs","February",0.9,0
"AED vs Et","March",0.2,0
"AED vs ED","March",-0.66,0
"AED vs SMrz","March",-0.38,0
"AED vs SMs","March",-0.34,0
"Et vs ED","March",0.09,2.84010431671691e-82
"Et vs SMrz","March",0.25,0
"Et vs SMs","March",0.3,0
"ED vs SMrz","March",0.54,0
"ED vs SMs","March",0.54,0
"SMrz vs SMs","March",0.9,0
"AED vs Et","April",0.19,0
"AED vs ED","April",-0.73,0
"AED vs SMrz","April",-0.44,0
"AED vs SMs","April",-0.4,0
"Et vs ED","April",0.05,1.35419628225538e-26
"Et vs SMrz","April",0.24,0
"Et vs SMs","April",0.32,0
"ED vs SMrz","April",0.59,0
"ED vs SMs","April",0.56,0
"SMrz vs SMs","April",0.9,0
"AED vs Et","May",0.25,0
"AED vs ED","May",-0.81,0
"AED vs SMrz","May",-0.54,0
"AED vs SMs","May",-0.5,0
"Et vs ED","May",-0.04,7.35705091891116e-22
"Et vs SMrz","May",0.17,1.86177362429685e-311
"Et vs SMs","May",0.24,0
"ED vs SMrz","May",0.66,0
"ED vs SMs","May",0.64,0
"SMrz vs SMs","May",0.91,0
"AED vs Et","June",0,0.727509950294229
"AED vs ED","June",-0.78,0
"AED vs SMrz","June",-0.61,0
"AED vs SMs","June",-0.63,0
"Et vs ED","June",0.21,0
"Et vs SMrz","June",0.31,0
"Et vs SMs","June",0.35,0
"ED vs SMrz","June",0.72,0
"ED vs SMs","June",0.75,0
"SMrz vs SMs","June",0.93,0
"AED vs Et","July",-0.04,9.15405365071835e-17
"AED vs ED","July",-0.7,0
"AED vs SMrz","July",-0.58,0
"AED vs SMs","July",-0.58,0
"Et vs ED","July",0.37,0
"Et vs SMrz","July",0.35,0
"Et vs SMs","July",0.42,0
"ED vs SMrz","July",0.73,0
"ED vs SMs","July",0.76,0
"SMrz vs SMs","July",0.92,0
"AED vs Et","August",0,0.786820197504487
"AED vs ED","August",-0.67,0
"AED vs SMrz","August",-0.57,0
"AED vs SMs","August",-0.56,0
"Et vs ED","August",0.4,0
"Et vs SMrz","August",0.37,0
"Et vs SMs","August",0.44,0
"ED vs SMrz","August",0.75,0
"ED vs SMs","August",0.77,0
"SMrz vs SMs","August",0.93,0
"AED vs Et","September",0.06,1.13467755373572e-38
"AED vs ED","September",-0.68,0
"AED vs SMrz","September",-0.55,0
"AED vs SMs","September",-0.56,0
"Et vs ED","September",0.33,0
"Et vs SMrz","September",0.31,0
"Et vs SMs","September",0.37,0
"ED vs SMrz","September",0.74,0
"ED vs SMs","September",0.76,0
"SMrz vs SMs","September",0.93,0
"AED vs Et","October",0.1,1.84852284191554e-116
"AED vs ED","October",-0.62,0
"AED vs SMrz","October",-0.47,0
"AED vs SMs","October",-0.46,0
"Et vs ED","October",0.35,0
"Et vs SMrz","October",0.3,0
"Et vs SMs","October",0.38,0
"ED vs SMrz","October",0.67,0
"ED vs SMs","October",0.7,0
"SMrz vs SMs","October",0.92,0
"AED vs Et","November",0.13,3.55843527934239e-199
"AED vs ED","November",-0.61,0
"AED vs SMrz","November",-0.44,0
"AED vs SMs","November",-0.41,0
"Et vs ED","November",0.3,0
"Et vs SMrz","November",0.34,0
"Et vs SMs","November",0.41,0
"ED vs SMrz","November",0.66,0
"ED vs SMs","November",0.67,0
"SMrz vs SMs","November",0.91,0
"AED vs Et","December",0.08,3.81989691680906e-71
"AED vs ED","December",-0.65,0
"AED vs SMrz","December",-0.49,0
"AED vs SMs","December",-0.49,0
"Et vs ED","December",0.3,0
"Et vs SMrz","December",0.35,0
"Et vs SMs","December",0.4,0
"ED vs SMrz","December",0.67,0
"ED vs SMs","December",0.69,0
"SMrz vs SMs","December",0.92,0
