"supply","demand","scale_months","month","ai_class","mean_abs_rho","mean_rho","VIF_at_mean_abs_rho","area_Mkm2"
"SMrz","Ep",1,1,"ALL",0.3102,-0.2195,1.106,105.763
"SMrz","Ep",1,1,"Hyper-arid",0.2087,-0.1464,1.046,0.066
"SMrz","Ep",1,1,"Arid",0.3848,-0.3404,1.174,8.907
"SMrz","Ep",1,1,"Semi-arid",0.3174,-0.2547,1.112,19.89
"SMrz","Ep",1,1,"Dry sub-humid",0.2609,-0.1937,1.073,9.767
"SMrz","Ep",1,1,"Humid",0.3054,-0.1969,1.103,67.133
"SMrz","Ep",1,2,"ALL",0.314,-0.2191,1.109,105.763
"SMrz","Ep",1,2,"Hyper-arid",0.2545,-0.1976,1.069,0.066
"SMrz","Ep",1,2,"Arid",0.3915,-0.357,1.181,8.907
"SMrz","Ep",1,2,"Semi-arid",0.3112,-0.2546,1.107,19.89
"SMrz","Ep",1,2,"Dry sub-humid",0.2558,-0.1671,1.07,9.767
"SMrz","Ep",1,2,"Humid",0.3131,-0.1978,1.109,67.133
"SMrz","Ep",1,3,"ALL",0.3328,-0.2394,1.125,105.763
"SMrz","Ep",1,3,"Hyper-arid",0.2689,-0.1977,1.078,0.066
"SMrz","Ep",1,3,"Arid",0.3542,-0.3164,1.143,8.907
"SMrz","Ep",1,3,"Semi-arid",0.3363,-0.2849,1.128,19.89
"SMrz","Ep",1,3,"Dry sub-humid",0.2978,-0.2239,1.097,9.767
"SMrz","Ep",1,3,"Humid",0.3341,-0.218,1.126,67.133
"SMrz","Ep",1,4,"ALL",0.3668,-0.2971,1.155,105.763
"SMrz","Ep",1,4,"Hyper-arid",0.1817,-0.0881,1.034,0.066
"SMrz","Ep",1,4,"Arid",0.3917,-0.3681,1.181,8.907
"SMrz","Ep",1,4,"Semi-arid",0.3784,-0.3626,1.167,19.89
"SMrz","Ep",1,4,"Dry sub-humid",0.3145,-0.2665,1.11,9.767
"SMrz","Ep",1,4,"Humid",0.3678,-0.2729,1.156,67.133
"SMrz","Ep",1,5,"ALL",0.3997,-0.3711,1.19,105.763
"SMrz","Ep",1,5,"Hyper-arid",0.206,-0.0201,1.044,0.066
"SMrz","Ep",1,5,"Arid",0.3702,-0.3526,1.159,8.907
"SMrz","Ep",1,5,"Semi-arid",0.3832,-0.3719,1.172,19.89
"SMrz","Ep",1,5,"Dry sub-humid",0.3393,-0.3109,1.13,9.767
"SMrz","Ep",1,5,"Humid",0.4175,-0.3824,1.211,67.133
"SMrz","Ep",1,6,"ALL",0.413,-0.3981,1.206,105.763
"SMrz","Ep",1,6,"Hyper-arid",0.1539,0.1117,1.024,0.066
"SMrz","Ep",1,6,"Arid",0.3276,-0.2873,1.12,8.907
"SMrz","Ep",1,6,"Semi-arid",0.3865,-0.3738,1.176,19.89
"SMrz","Ep",1,6,"Dry sub-humid",0.3869,-0.3803,1.176,9.767
"SMrz","Ep",1,6,"Humid",0.4363,-0.4231,1.235,67.133
"SMrz","Ep",1,7,"ALL",0.4148,-0.4005,1.208,105.762
"SMrz","Ep",1,7,"Hyper-arid",0.1507,-0.0084,1.023,0.066
"SMrz","Ep",1,7,"Arid",0.3633,-0.3345,1.152,8.907
"SMrz","Ep",1,7,"Semi-arid",0.3703,-0.3524,1.159,19.89
"SMrz","Ep",1,7,"Dry sub-humid",0.382,-0.3744,1.171,9.767
"SMrz","Ep",1,7,"Humid",0.4399,-0.4277,1.24,67.133
"SMrz","Ep",1,8,"ALL",0.3774,-0.3588,1.166,105.762
"SMrz","Ep",1,8,"Hyper-arid",0.175,-0.069,1.032,0.066
"SMrz","Ep",1,8,"Arid",0.3106,-0.2812,1.107,8.907
"SMrz","Ep",1,8,"Semi-arid",0.3188,-0.2923,1.113,19.89
"SMrz","Ep",1,8,"Dry sub-humid",0.3238,-0.3051,1.117,9.766
"SMrz","Ep",1,8,"Humid",0.4116,-0.3969,1.204,67.133
"SMrz","Ep",1,9,"ALL",0.3654,-0.3469,1.154,105.763
"SMrz","Ep",1,9,"Hyper-arid",0.1444,0.0341,1.021,0.066
"SMrz","Ep",1,9,"Arid",0.2963,-0.2625,1.096,8.907
"SMrz","Ep",1,9,"Semi-arid",0.3214,-0.2981,1.115,19.89
"SMrz","Ep",1,9,"Dry sub-humid",0.3449,-0.3299,1.135,9.767
"SMrz","Ep",1,9,"Humid",0.3909,-0.3754,1.18,67.133
"SMrz","Ep",1,10,"ALL",0.3342,-0.3021,1.126,105.763
"SMrz","Ep",1,10,"Hyper-arid",0.1491,-0.0198,1.023,0.066
"SMrz","Ep",1,10,"Arid",0.2967,-0.2773,1.096,8.907
"SMrz","Ep",1,10,"Semi-arid",0.3391,-0.3282,1.13,19.89
"SMrz","Ep",1,10,"Dry sub-humid",0.32,-0.2857,1.114,9.767
"SMrz","Ep",1,10,"Humid",0.34,-0.3003,1.131,67.133
"SMrz","Ep",1,11,"ALL",0.3175,-0.2552,1.112,105.763
"SMrz","Ep",1,11,"Hyper-arid",0.1599,-0.0875,1.026,0.066
"SMrz","Ep",1,11,"Arid",0.3425,-0.3089,1.133,8.907
"SMrz","Ep",1,11,"Semi-arid",0.3415,-0.3268,1.132,19.89
"SMrz","Ep",1,11,"Dry sub-humid",0.2816,-0.2385,1.086,9.767
"SMrz","Ep",1,11,"Humid",0.3125,-0.2294,1.108,67.133
"SMrz","Ep",1,12,"ALL",0.3048,-0.2276,1.102,105.763
"SMrz","Ep",1,12,"Hyper-arid",0.1895,-0.1432,1.037,0.066
"SMrz","Ep",1,12,"Arid",0.3723,-0.3295,1.161,8.907
"SMrz","Ep",1,12,"Semi-arid",0.3322,-0.3047,1.124,19.89
"SMrz","Ep",1,12,"Dry sub-humid",0.2886,-0.2316,1.091,9.767
"SMrz","Ep",1,12,"Humid",0.2902,-0.1907,1.092,67.133
"SMrz","Ep",3,1,"ALL",0.3465,-0.2807,1.136,105.763
"SMrz","Ep",3,1,"Hyper-arid",0.2019,-0.1347,1.042,0.066
"SMrz","Ep",3,1,"Arid",0.3989,-0.3617,1.189,8.907
"SMrz","Ep",3,1,"Semi-arid",0.3881,-0.3722,1.177,19.89
"SMrz","Ep",3,1,"Dry sub-humid",0.3298,-0.2865,1.122,9.767
"SMrz","Ep",3,1,"Humid",0.3298,-0.2421,1.122,67.133
"SMrz","Ep",3,2,"ALL",0.3448,-0.2589,1.135,105.763
"SMrz","Ep",3,2,"Hyper-arid",0.2523,-0.1786,1.068,0.066
"SMrz","Ep",3,2,"Arid",0.4208,-0.3862,1.215,8.907
"SMrz","Ep",3,2,"Semi-arid",0.3673,-0.3335,1.156,19.89
"SMrz","Ep",3,2,"Dry sub-humid",0.315,-0.2535,1.11,9.767
"SMrz","Ep",3,2,"Humid",0.3325,-0.2208,1.124,67.133
"SMrz","Ep",3,3,"ALL",0.3476,-0.2561,1.137,105.763
"SMrz","Ep",3,3,"Hyper-arid",0.2544,-0.1756,1.069,0.066
"SMrz","Ep",3,3,"Arid",0.4162,-0.371,1.21,8.907
"SMrz","Ep",3,3,"Semi-arid",0.3664,-0.3161,1.155,19.89
"SMrz","Ep",3,3,"Dry sub-humid",0.3071,-0.2328,1.104,9.767
"SMrz","Ep",3,3,"Humid",0.3388,-0.2266,1.13,67.133
"SMrz","Ep",3,4,"ALL",0.3642,-0.2881,1.153,105.763
"SMrz","Ep",3,4,"Hyper-arid",0.2455,-0.1654,1.064,0.066
"SMrz","Ep",3,4,"Arid",0.4294,-0.4005,1.226,8.907
"SMrz","Ep",3,4,"Semi-arid",0.3883,-0.3671,1.178,19.89
"SMrz","Ep",3,4,"Dry sub-humid",0.322,-0.2692,1.116,9.767
"SMrz","Ep",3,4,"Humid",0.3547,-0.2527,1.144,67.133
"SMrz","Ep",3,5,"ALL",0.3964,-0.3518,1.186,105.763
"SMrz","Ep",3,5,"Hyper-arid",0.2237,-0.0855,1.053,0.066
"SMrz","Ep",3,5,"Arid",0.4181,-0.3905,1.212,8.907
"SMrz","Ep",3,5,"Semi-arid",0.4252,-0.4146,1.221,19.89
"SMrz","Ep",3,5,"Dry sub-humid",0.3607,-0.3307,1.15,9.767
"SMrz","Ep",3,5,"Humid",0.3904,-0.3314,1.18,67.133
"SMrz","Ep",3,6,"ALL",0.4404,-0.4188,1.241,105.763
"SMrz","Ep",3,6,"Hyper-arid",0.2038,0.0148,1.043,0.066
"SMrz","Ep",3,6,"Arid",0.3814,-0.352,1.17,8.907
"SMrz","Ep",3,6,"Semi-arid",0.4513,-0.4422,1.256,19.89
"SMrz","Ep",3,6,"Dry sub-humid",0.4152,-0.4004,1.208,9.767
"SMrz","Ep",3,6,"Humid",0.4489,-0.4238,1.252,67.133
"SMrz","Ep",3,7,"ALL",0.4717,-0.4581,1.286,105.763
"SMrz","Ep",3,7,"Hyper-arid",0.1733,0.0616,1.031,0.066
"SMrz","Ep",3,7,"Arid",0.3688,-0.3411,1.157,8.907
"SMrz","Ep",3,7,"Semi-arid",0.4536,-0.4454,1.259,19.89
"SMrz","Ep",3,7,"Dry sub-humid",0.4586,-0.4517,1.266,9.767
"SMrz","Ep",3,7,"Humid",0.493,-0.4789,1.321,67.133
"SMrz","Ep",3,8,"ALL",0.4613,-0.447,1.27,105.763
"SMrz","Ep",3,8,"Hyper-arid",0.1659,0.0577,1.028,0.066
"SMrz","Ep",3,8,"Arid",0.353,-0.3247,1.142,8.907
"SMrz","Ep",3,8,"Semi-arid",0.4211,-0.4083,1.216,19.89
"SMrz","Ep",3,8,"Dry sub-humid",0.4487,-0.4421,1.252,9.767
"SMrz","Ep",3,8,"Humid",0.4896,-0.4759,1.315,67.133
"SMrz","Ep",3,9,"ALL",0.4457,-0.4293,1.248,105.763
"SMrz","Ep",3,9,"Hyper-arid",0.172,-0.0024,1.03,0.066
"SMrz","Ep",3,9,"Arid",0.3507,-0.3214,1.14,8.907
"SMrz","Ep",3,9,"Semi-arid",0.3911,-0.3706,1.181,19.89
"SMrz","Ep",3,9,"Dry sub-humid",0.4143,-0.4038,1.207,9.767
"SMrz","Ep",3,9,"Humid",0.4793,-0.4652,1.298,67.133
"SMrz","Ep",3,10,"ALL",0.4085,-0.393,1.2,105.763
"SMrz","Ep",3,10,"Hyper-arid",0.1612,0.0452,1.027,0.066
"SMrz","Ep",3,10,"Arid",0.3132,-0.2867,1.109,8.907
"SMrz","Ep",3,10,"Semi-arid",0.3724,-0.3566,1.161,19.89
"SMrz","Ep",3,10,"Dry sub-humid",0.3873,-0.375,1.176,9.767
"SMrz","Ep",3,10,"Humid",0.4353,-0.421,1.234,67.133
"SMrz","Ep",3,11,"ALL",0.3765,-0.355,1.165,105.763
"SMrz","Ep",3,11,"Hyper-arid",0.1563,0.0429,1.025,0.066
"SMrz","Ep",3,11,"Arid",0.3122,-0.288,1.108,8.907
"SMrz","Ep",3,11,"Semi-arid",0.3803,-0.3726,1.169,19.89
"SMrz","Ep",3,11,"Dry sub-humid",0.3825,-0.3687,1.171,9.767
"SMrz","Ep",3,11,"Humid",0.3832,-0.357,1.172,67.133
"SMrz","Ep",3,12,"ALL",0.3555,-0.3147,1.145,105.763
"SMrz","Ep",3,12,"Hyper-arid",0.1538,-0.0491,1.024,0.066
"SMrz","Ep",3,12,"Arid",0.3428,-0.3162,1.133,8.907
"SMrz","Ep",3,12,"Semi-arid",0.3906,-0.3808,1.18,19.89
"SMrz","Ep",3,12,"Dry sub-humid",0.357,-0.3235,1.146,9.767
"SMrz","Ep",3,12,"Humid",0.3468,-0.2938,1.137,67.133
"SMrz","Ep",6,1,"ALL",0.4123,-0.3959,1.205,105.763
"SMrz","Ep",6,1,"Hyper-arid",0.163,-0.0119,1.027,0.066
"SMrz","Ep",6,1,"Arid",0.3457,-0.3265,1.136,8.907
"SMrz","Ep",6,1,"Semi-arid",0.4232,-0.4157,1.218,19.89
"SMrz","Ep",6,1,"Dry sub-humid",0.4243,-0.4142,1.22,9.767
"SMrz","Ep",6,1,"Humid",0.4164,-0.397,1.21,67.133
"SMrz","Ep",6,2,"ALL",0.3844,-0.3567,1.173,105.763
"SMrz","Ep",6,2,"Hyper-arid",0.1779,-0.056,1.033,0.066
"SMrz","Ep",6,2,"Arid",0.3863,-0.3646,1.175,8.907
"SMrz","Ep",6,2,"Semi-arid",0.4192,-0.412,1.213,19.89
"SMrz","Ep",6,2,"Dry sub-humid",0.3976,-0.3813,1.188,9.767
"SMrz","Ep",6,2,"Humid",0.3721,-0.3359,1.161,67.133
"SMrz","Ep",6,3,"ALL",0.3629,-0.3087,1.152,105.763
"SMrz","Ep",6,3,"Hyper-arid",0.2047,-0.116,1.044,0.066
"SMrz","Ep",6,3,"Arid",0.4,-0.3748,1.191,8.907
"SMrz","Ep",6,3,"Semi-arid",0.4002,-0.3899,1.191,19.89
"SMrz","Ep",6,3,"Dry sub-humid",0.3479,-0.3079,1.138,9.767
"SMrz","Ep",6,3,"Humid",0.3492,-0.2762,1.139,67.133
"SMrz","Ep",6,4,"ALL",0.3617,-0.2896,1.151,105.763
"SMrz","Ep",6,4,"Hyper-arid",0.2383,-0.1605,1.06,0.066
"SMrz","Ep",6,4,"Arid",0.437,-0.4044,1.236,8.907
"SMrz","Ep",6,4,"Semi-arid",0.4058,-0.3878,1.197,19.89
"SMrz","Ep",6,4,"Dry sub-humid",0.3381,-0.2871,1.129,9.767
"SMrz","Ep",6,4,"Humid",0.3423,-0.2457,1.133,67.133
"SMrz","Ep",6,5,"ALL",0.3714,-0.3211,1.16,105.763
"SMrz","Ep",6,5,"Hyper-arid",0.2251,-0.1062,1.053,0.066
"SMrz","Ep",6,5,"Arid",0.441,-0.4103,1.241,8.907
"SMrz","Ep",6,5,"Semi-arid",0.4186,-0.4046,1.212,19.89
"SMrz","Ep",6,5,"Dry sub-humid",0.3464,-0.3109,1.136,9.767
"SMrz","Ep",6,5,"Humid",0.352,-0.2862,1.141,67.133
"SMrz","Ep",6,6,"ALL",0.4027,-0.372,1.194,105.763
"SMrz","Ep",6,6,"Hyper-arid",0.2352,-0.0717,1.059,0.066
"SMrz","Ep",6,6,"Arid",0.4198,-0.3838,1.214,8.907
"SMrz","Ep",6,6,"Semi-arid",0.4387,-0.4256,1.238,19.89
"SMrz","Ep",6,6,"Dry sub-humid",0.3796,-0.3584,1.168,9.767
"SMrz","Ep",6,6,"Humid",0.3933,-0.3569,1.183,67.133
"SMrz","Ep",6,7,"ALL",0.4351,-0.4152,1.234,105.763
"SMrz","Ep",6,7,"Hyper-arid",0.2268,-0.0518,1.054,0.066
"SMrz","Ep",6,7,"Arid",0.4076,-0.3783,1.199,8.907
"SMrz","Ep",6,7,"Semi-arid",0.46,-0.4507,1.268,19.89
"SMrz","Ep",6,7,"Dry sub-humid",0.4221,-0.4086,1.217,9.767
"SMrz","Ep",6,7,"Humid",0.4335,-0.4109,1.231,67.133
"SMrz","Ep",6,8,"ALL",0.4577,-0.4431,1.265,105.763
"SMrz","Ep",6,8,"Hyper-arid",0.2375,-0.0466,1.06,0.066
"SMrz","Ep",6,8,"Arid",0.3912,-0.3697,1.181,8.907
"SMrz","Ep",6,8,"Semi-arid",0.4711,-0.4651,1.285,19.89
"SMrz","Ep",6,8,"Dry sub-humid",0.4528,-0.4445,1.258,9.767
"SMrz","Ep",6,8,"Humid",0.4635,-0.4465,1.274,67.133
"SMrz","Ep",6,9,"ALL",0.4692,-0.4555,1.282,105.763
"SMrz","Ep",6,9,"Hyper-arid",0.2102,0.0137,1.046,0.066
"SMrz","Ep",6,9,"Arid",0.3772,-0.3538,1.166,8.907
"SMrz","Ep",6,9,"Semi-arid",0.4702,-0.4628,1.284,19.89
"SMrz","Ep",6,9,"Dry sub-humid",0.4677,-0.4603,1.28,9.767
"SMrz","Ep",6,9,"Humid",0.4816,-0.4666,1.302,67.133
"SMrz","Ep",6,10,"ALL",0.4674,-0.4534,1.28,105.763
"SMrz","Ep",6,10,"Hyper-arid",0.1795,0.0646,1.033,0.066
"SMrz","Ep",6,10,"Arid",0.3509,-0.3282,1.14,8.907
"SMrz","Ep",6,10,"Semi-arid",0.444,-0.4344,1.245,19.89
"SMrz","Ep",6,10,"Dry sub-humid",0.4616,-0.454,1.271,9.767
"SMrz","Ep",6,10,"Humid",0.4909,-0.4761,1.318,67.133
"SMrz","Ep",6,11,"ALL",0.4526,-0.4389,1.258,105.763
"SMrz","Ep",6,11,"Hyper-arid",0.165,0.0517,1.028,0.066
"SMrz","Ep",6,11,"Arid",0.3244,-0.2983,1.118,8.907
"SMrz","Ep",6,11,"Semi-arid",0.4252,-0.4158,1.221,19.89
"SMrz","Ep",6,11,"Dry sub-humid",0.4561,-0.4495,1.263,9.767
"SMrz","Ep",6,11,"Humid",0.4775,-0.4633,1.295,67.133
"SMrz","Ep",6,12,"ALL",0.4364,-0.4227,1.235,105.763
"SMrz","Ep",6,12,"Hyper-arid",0.1582,0.0062,1.026,0.066
"SMrz","Ep",6,12,"Arid",0.3294,-0.3062,1.122,8.907
"SMrz","Ep",6,12,"Semi-arid",0.4253,-0.4171,1.221,19.89
"SMrz","Ep",6,12,"Dry sub-humid",0.4408,-0.4329,1.241,9.767
"SMrz","Ep",6,12,"Humid",0.4536,-0.4387,1.259,67.133
"SMrz","Ep",9,1,"ALL",0.4598,-0.4456,1.268,105.763
"SMrz","Ep",9,1,"Hyper-arid",0.1959,0.0099,1.04,0.066
"SMrz","Ep",9,1,"Arid",0.3586,-0.3373,1.148,8.907
"SMrz","Ep",9,1,"Semi-arid",0.4531,-0.4464,1.258,19.89
"SMrz","Ep",9,1,"Dry sub-humid",0.4728,-0.4653,1.288,9.767
"SMrz","Ep",9,1,"Humid",0.4736,-0.4572,1.289,67.133
"SMrz","Ep",9,2,"ALL",0.4521,-0.4389,1.257,105.763
"SMrz","Ep",9,2,"Hyper-arid",0.2021,-0.0192,1.043,0.066
"SMrz","Ep",9,2,"Arid",0.3731,-0.3514,1.162,8.907
"SMrz","Ep",9,2,"Semi-arid",0.4497,-0.4434,1.253,19.89
"SMrz","Ep",9,2,"Dry sub-humid",0.4626,-0.4558,1.272,9.767
"SMrz","Ep",9,2,"Humid",0.4621,-0.4471,1.271,67.133
"SMrz","Ep",9,3,"ALL",0.4332,-0.4181,1.231,105.763
"SMrz","Ep",9,3,"Hyper-arid",0.1944,-0.0467,1.039,0.066
"SMrz","Ep",9,3,"Arid",0.3945,-0.3761,1.184,8.907
"SMrz","Ep",9,3,"Semi-arid",0.4443,-0.4381,1.246,19.89
"SMrz","Ep",9,3,"Dry sub-humid",0.4371,-0.4276,1.236,9.767
"SMrz","Ep",9,3,"Humid",0.4347,-0.4167,1.233,67.133
"SMrz","Ep",9,4,"ALL",0.399,-0.377,1.189,105.763
"SMrz","Ep",9,4,"Hyper-arid",0.1891,-0.0527,1.037,0.066
"SMrz","Ep",9,4,"Arid",0.4126,-0.3933,1.205,8.907
"SMrz","Ep",9,4,"Semi-arid",0.442,-0.4364,1.243,19.89
"SMrz","Ep",9,4,"Dry sub-humid",0.405,-0.3928,1.196,9.767
"SMrz","Ep",9,4,"Humid",0.3838,-0.3553,1.173,67.133
"SMrz","Ep",9,5,"ALL",0.38,-0.3422,1.169,105.763
"SMrz","Ep",9,5,"Hyper-arid",0.1898,-0.0293,1.037,0.066
"SMrz","Ep",9,5,"Arid",0.4207,-0.3963,1.215,8.907
"SMrz","Ep",9,5,"Semi-arid",0.4397,-0.4326,1.24,19.89
"SMrz","Ep",9,5,"Dry sub-humid",0.3774,-0.3544,1.166,9.767
"SMrz","Ep",9,5,"Humid",0.3575,-0.3068,1.147,67.133
"SMrz","Ep",9,6,"ALL",0.3829,-0.3497,1.172,105.763
"SMrz","Ep",9,6,"Hyper-arid",0.2189,-0.042,1.05,0.066
"SMrz","Ep",9,6,"Arid",0.406,-0.3781,1.197,8.907
"SMrz","Ep",9,6,"Semi-arid",0.4386,-0.4286,1.238,19.89
"SMrz","Ep",9,6,"Dry sub-humid",0.3767,-0.3502,1.165,9.767
"SMrz","Ep",9,6,"Humid",0.3643,-0.3227,1.153,67.133
"SMrz","Ep",9,7,"ALL",0.4083,-0.3824,1.2,105.763
"SMrz","Ep",9,7,"Hyper-arid",0.2175,-0.0505,1.05,0.066
"SMrz","Ep",9,7,"Arid",0.4143,-0.3809,1.207,8.907
"SMrz","Ep",9,7,"Semi-arid",0.4531,-0.4415,1.258,19.89
"SMrz","Ep",9,7,"Dry sub-humid",0.3999,-0.3785,1.19,9.767
"SMrz","Ep",9,7,"Humid",0.3956,-0.366,1.186,67.133
"SMrz","Ep",9,8,"ALL",0.431,-0.4122,1.228,105.763
"SMrz","Ep",9,8,"Hyper-arid",0.2412,-0.0643,1.062,0.066
"SMrz","Ep",9,8,"Arid",0.4103,-0.3857,1.202,8.907
"SMrz","Ep",9,8,"Semi-arid",0.4612,-0.4527,1.27,19.89
"SMrz","Ep",9,8,"Dry sub-humid",0.4237,-0.4092,1.219,9.767
"SMrz","Ep",9,8,"Humid",0.4261,-0.4045,1.222,67.133
"SMrz","Ep",9,9,"ALL",0.4451,-0.428,1.247,105.763
"SMrz","Ep",9,9,"Hyper-arid",0.2469,-0.0639,1.065,0.066
"SMrz","Ep",9,9,"Arid",0.4035,-0.3791,1.194,8.907
"SMrz","Ep",9,9,"Semi-arid",0.469,-0.4622,1.282,19.89
"SMrz","Ep",9,9,"Dry sub-humid",0.4385,-0.4276,1.238,9.767
"SMrz","Ep",9,9,"Humid",0.4447,-0.4248,1.246,67.133
"SMrz","Ep",9,10,"ALL",0.4504,-0.4348,1.255,105.763
"SMrz","Ep",9,10,"Hyper-arid",0.2448,-0.0521,1.064,0.066
"SMrz","Ep",9,10,"Arid",0.3926,-0.3739,1.182,8.907
"SMrz","Ep",9,10,"Semi-arid",0.4674,-0.4615,1.28,19.89
"SMrz","Ep",9,10,"Dry sub-humid",0.4475,-0.4386,1.25,9.767
"SMrz","Ep",9,10,"Humid",0.4537,-0.4348,1.259,67.133
"SMrz","Ep",9,11,"ALL",0.4544,-0.4384,1.26,105.763
"SMrz","Ep",9,11,"Hyper-arid",0.2396,-0.0331,1.061,0.066
"SMrz","Ep",9,11,"Arid",0.3698,-0.3487,1.158,8.907
"SMrz","Ep",9,11,"Semi-arid",0.4658,-0.46,1.277,19.89
"SMrz","Ep",9,11,"Dry sub-humid",0.4625,-0.4544,1.272,9.767
"SMrz","Ep",9,11,"Humid",0.4612,-0.4419,1.27,67.133
"SMrz","Ep",9,12,"ALL",0.4538,-0.4379,1.259,105.763
"SMrz","Ep",9,12,"Hyper-arid",0.21,0.0014,1.046,0.066
"SMrz","Ep",9,12,"Arid",0.3534,-0.3286,1.143,8.907
"SMrz","Ep",9,12,"Semi-arid",0.4587,-0.452,1.266,19.89
"SMrz","Ep",9,12,"Dry sub-humid",0.4688,-0.4604,1.282,9.767
"SMrz","Ep",9,12,"Humid",0.4637,-0.4455,1.274,67.133
"SMrz","Ep",12,1,"ALL",0.4458,-0.4278,1.248,105.763
"SMrz","Ep",12,1,"Hyper-arid",0.247,-0.0665,1.065,0.066
"SMrz","Ep",12,1,"Arid",0.3864,-0.364,1.175,8.907
"SMrz","Ep",12,1,"Semi-arid",0.4635,-0.4576,1.274,19.89
"SMrz","Ep",12,1,"Dry sub-humid",0.4618,-0.4525,1.271,9.767
"SMrz","Ep",12,1,"Humid",0.4463,-0.4242,1.249,67.133
"SMrz","Ep",12,2,"ALL",0.4493,-0.4322,1.253,105.763
"SMrz","Ep",12,2,"Hyper-arid",0.2571,-0.0745,1.071,0.066
"SMrz","Ep",12,2,"Arid",0.3968,-0.3744,1.187,8.907
"SMrz","Ep",12,2,"Semi-arid",0.4655,-0.4599,1.277,19.89
"SMrz","Ep",12,2,"Dry sub-humid",0.4676,-0.4586,1.28,9.767
"SMrz","Ep",12,2,"Humid",0.449,-0.4282,1.253,67.133
"SMrz","Ep",12,3,"ALL",0.45,-0.4339,1.254,105.763
"SMrz","Ep",12,3,"Hyper-arid",0.2276,-0.0407,1.055,0.066
"SMrz","Ep",12,3,"Arid",0.4017,-0.3796,1.192,8.907
"SMrz","Ep",12,3,"Semi-arid",0.465,-0.4596,1.276,19.89
"SMrz","Ep",12,3,"Dry sub-humid",0.4602,-0.4515,1.269,9.767
"SMrz","Ep",12,3,"Humid",0.4506,-0.4313,1.255,67.133
"SMrz","Ep",12,4,"ALL",0.4475,-0.4319,1.25,105.763
"SMrz","Ep",12,4,"Hyper-arid",0.1951,-0.0115,1.04,0.066
"SMrz","Ep",12,4,"Arid",0.4047,-0.3826,1.196,8.907
"SMrz","Ep",12,4,"Semi-arid",0.4662,-0.4608,1.278,19.89
"SMrz","Ep",12,4,"Dry sub-humid",0.4552,-0.4464,1.261,9.767
"SMrz","Ep",12,4,"Humid",0.4467,-0.4282,1.249,67.133
"SMrz","Ep",12,5,"ALL",0.4368,-0.4205,1.236,105.763
"SMrz","Ep",12,5,"Hyper-arid",0.2066,-0.0119,1.045,0.066
"SMrz","Ep",12,5,"Arid",0.4064,-0.3834,1.198,8.907
"SMrz","Ep",12,5,"Semi-arid",0.4663,-0.4608,1.278,19.89
"SMrz","Ep",12,5,"Dry sub-humid",0.4448,-0.4356,1.247,9.767
"SMrz","Ep",12,5,"Humid",0.4312,-0.4117,1.228,67.133
"SMrz","Ep",12,6,"ALL",0.4272,-0.4079,1.223,105.763
"SMrz","Ep",12,6,"Hyper-arid",0.2079,-0.0142,1.045,0.066
"SMrz","Ep",12,6,"Arid",0.4063,-0.3849,1.198,8.907
"SMrz","Ep",12,6,"Semi-arid",0.4698,-0.4638,1.283,19.89
"SMrz","Ep",12,6,"Dry sub-humid",0.4329,-0.4207,1.231,9.767
"SMrz","Ep",12,6,"Humid",0.4168,-0.393,1.21,67.133
"SMrz","Ep",12,7,"ALL",0.4175,-0.3959,1.211,105.763
"SMrz","Ep",12,7,"Hyper-arid",0.2079,-0.0145,1.045,0.066
"SMrz","Ep",12,7,"Arid",0.4024,-0.3791,1.193,8.907
"SMrz","Ep",12,7,"Semi-arid",0.4668,-0.4593,1.279,19.89
"SMrz","Ep",12,7,"Dry sub-humid",0.4232,-0.4082,1.218,9.767
"SMrz","Ep",12,7,"Humid",0.4043,-0.3779,1.195,67.133
"SMrz","Ep",12,8,"ALL",0.4182,-0.3973,1.212,105.763
"SMrz","Ep",12,8,"Hyper-arid",0.2192,-0.0198,1.05,0.066
"SMrz","Ep",12,8,"Arid",0.4006,-0.3766,1.191,8.907
"SMrz","Ep",12,8,"Semi-arid",0.4613,-0.4526,1.27,19.89
"SMrz","Ep",12,8,"Dry sub-humid",0.4174,-0.4015,1.211,9.767
"SMrz","Ep",12,8,"Humid",0.408,-0.3833,1.2,67.133
"SMrz","Ep",12,9,"ALL",0.4254,-0.4062,1.221,105.763
"SMrz","Ep",12,9,"Hyper-arid",0.2395,-0.0533,1.061,0.066
"SMrz","Ep",12,9,"Arid",0.4009,-0.379,1.192,8.907
"SMrz","Ep",12,9,"Semi-arid",0.4607,-0.4527,1.269,19.89
"SMrz","Ep",12,9,"Dry sub-humid",0.4213,-0.4067,1.216,9.767
"SMrz","Ep",12,9,"Humid",0.419,-0.3963,1.213,67.133
"SMrz","Ep",12,10,"ALL",0.4357,-0.4172,1.234,105.763
"SMrz","Ep",12,10,"Hyper-arid",0.2403,-0.0571,1.061,0.066
"SMrz","Ep",12,10,"Arid",0.4025,-0.3808,1.193,8.907
"SMrz","Ep",12,10,"Semi-arid",0.4654,-0.4583,1.276,19.89
"SMrz","Ep",12,10,"Dry sub-humid",0.4333,-0.4207,1.231,9.767
"SMrz","Ep",12,10,"Humid",0.4318,-0.4097,1.229,67.133
"SMrz","Ep",12,11,"ALL",0.4406,-0.4221,1.241,105.763
"SMrz","Ep",12,11,"Hyper-arid",0.247,-0.0615,1.065,0.066
"SMrz","Ep",12,11,"Arid",0.393,-0.3697,1.183,8.907
"SMrz","Ep",12,11,"Semi-arid",0.4665,-0.4601,1.278,19.89
"SMrz","Ep",12,11,"Dry sub-humid",0.4462,-0.4355,1.249,9.767
"SMrz","Ep",12,11,"Humid",0.4387,-0.4162,1.238,67.133
"SMrz","Ep",12,12,"ALL",0.4418,-0.423,1.243,105.763
"SMrz","Ep",12,12,"Hyper-arid",0.243,-0.0574,1.063,0.066
"SMrz","Ep",12,12,"Arid",0.3812,-0.3553,1.17,8.907
"SMrz","Ep",12,12,"Semi-arid",0.4686,-0.4625,1.281,19.89
"SMrz","Ep",12,12,"Dry sub-humid",0.4531,-0.4433,1.258,9.767
"SMrz","Ep",12,12,"Humid",0.4405,-0.4178,1.241,67.133
"SMs","Ep",1,1,"ALL",0.3429,-0.2407,1.133,105.763
"SMs","Ep",1,1,"Hyper-arid",0.2427,-0.1903,1.063,0.066
"SMs","Ep",1,1,"Arid",0.454,-0.413,1.26,8.907
"SMs","Ep",1,1,"Semi-arid",0.3984,-0.3292,1.189,19.89
"SMs","Ep",1,1,"Dry sub-humid",0.3221,-0.2535,1.116,9.767
"SMs","Ep",1,1,"Humid",0.3149,-0.1898,1.11,67.133
"SMs","Ep",1,2,"ALL",0.3403,-0.2372,1.131,105.763
"SMs","Ep",1,2,"Hyper-arid",0.2599,-0.2038,1.072,0.066
"SMs","Ep",1,2,"Arid",0.4641,-0.4337,1.274,8.907
"SMs","Ep",1,2,"Semi-arid",0.3962,-0.3298,1.186,19.89
"SMs","Ep",1,2,"Dry sub-humid",0.3072,-0.2292,1.104,9.767
"SMs","Ep",1,2,"Humid",0.3122,-0.1848,1.108,67.133
"SMs","Ep",1,3,"ALL",0.3552,-0.2511,1.144,105.763
"SMs","Ep",1,3,"Hyper-arid",0.2758,-0.2093,1.082,0.066
"SMs","Ep",1,3,"Arid",0.4474,-0.4264,1.25,8.907
"SMs","Ep",1,3,"Semi-arid",0.4272,-0.3787,1.223,19.89
"SMs","Ep",1,3,"Dry sub-humid",0.3549,-0.2801,1.144,9.767
"SMs","Ep",1,3,"Humid",0.3218,-0.1858,1.116,67.133
"SMs","Ep",1,4,"ALL",0.3927,-0.298,1.182,105.763
"SMs","Ep",1,4,"Hyper-arid",0.1973,-0.1207,1.041,0.066
"SMs","Ep",1,4,"Arid",0.4782,-0.4596,1.297,8.907
"SMs","Ep",1,4,"Semi-arid",0.4809,-0.4668,1.301,19.89
"SMs","Ep",1,4,"Dry sub-humid",0.3867,-0.3299,1.176,9.767
"SMs","Ep",1,4,"Humid",0.3563,-0.222,1.145,67.133
"SMs","Ep",1,5,"ALL",0.4091,-0.3677,1.201,105.763
"SMs","Ep",1,5,"Hyper-arid",0.1928,-0.0858,1.039,0.066
"SMs","Ep",1,5,"Arid",0.4628,-0.4534,1.273,8.907
"SMs","Ep",1,5,"Semi-arid",0.476,-0.467,1.293,19.89
"SMs","Ep",1,5,"Dry sub-humid",0.4004,-0.3722,1.191,9.767
"SMs","Ep",1,5,"Humid",0.3836,-0.3265,1.173,67.133
"SMs","Ep",1,6,"ALL",0.4193,-0.4027,1.213,105.763
"SMs","Ep",1,6,"Hyper-arid",0.1615,0.106,1.027,0.066
"SMs","Ep",1,6,"Arid",0.3943,-0.3646,1.184,8.907
"SMs","Ep",1,6,"Semi-arid",0.4628,-0.4513,1.273,19.89
"SMs","Ep",1,6,"Dry sub-humid",0.4366,-0.4296,1.236,9.767
"SMs","Ep",1,6,"Humid",0.4075,-0.3899,1.199,67.133
"SMs","Ep",1,7,"ALL",0.4163,-0.3992,1.21,105.762
"SMs","Ep",1,7,"Hyper-arid",0.149,-0.002,1.023,0.066
"SMs","Ep",1,7,"Arid",0.4215,-0.3965,1.216,8.907
"SMs","Ep",1,7,"Semi-arid",0.4415,-0.4236,1.242,19.89
"SMs","Ep",1,7,"Dry sub-humid",0.4136,-0.4045,1.206,9.766
"SMs","Ep",1,7,"Humid",0.4088,-0.392,1.201,67.133
"SMs","Ep",1,8,"ALL",0.3839,-0.3621,1.173,105.762
"SMs","Ep",1,8,"Hyper-arid",0.1743,-0.0604,1.031,0.066
"SMs","Ep",1,8,"Arid",0.3693,-0.3372,1.158,8.907
"SMs","Ep",1,8,"Semi-arid",0.395,-0.36,1.185,19.89
"SMs","Ep",1,8,"Dry sub-humid",0.3534,-0.3357,1.143,9.766
"SMs","Ep",1,8,"Humid",0.3872,-0.3702,1.176,67.133
"SMs","Ep",1,9,"ALL",0.3809,-0.3609,1.17,105.763
"SMs","Ep",1,9,"Hyper-arid",0.147,-0.0176,1.022,0.066
"SMs","Ep",1,9,"Arid",0.3581,-0.3321,1.147,8.907
"SMs","Ep",1,9,"Semi-arid",0.4025,-0.3859,1.193,19.89
"SMs","Ep",1,9,"Dry sub-humid",0.3797,-0.3697,1.168,9.767
"SMs","Ep",1,9,"Humid",0.3779,-0.3563,1.167,67.133
"SMs","Ep",1,10,"ALL",0.368,-0.3265,1.157,105.763
"SMs","Ep",1,10,"Hyper-arid",0.1765,-0.0422,1.032,0.066
"SMs","Ep",1,10,"Arid",0.3886,-0.3753,1.178,8.907
"SMs","Ep",1,10,"Semi-arid",0.4507,-0.4428,1.255,19.89
"SMs","Ep",1,10,"Dry sub-humid",0.3867,-0.3518,1.176,9.767
"SMs","Ep",1,10,"Humid",0.3383,-0.2822,1.129,67.133
"SMs","Ep",1,11,"ALL",0.3462,-0.2634,1.136,105.763
"SMs","Ep",1,11,"Hyper-arid",0.1721,-0.1002,1.031,0.066
"SMs","Ep",1,11,"Arid",0.414,-0.3837,1.207,8.907
"SMs","Ep",1,11,"Semi-arid",0.4159,-0.4018,1.209,19.89
"SMs","Ep",1,11,"Dry sub-humid",0.3349,-0.2851,1.126,9.767
"SMs","Ep",1,11,"Humid",0.3184,-0.2034,1.113,67.133
"SMs","Ep",1,12,"ALL",0.3255,-0.2326,1.119,105.763
"SMs","Ep",1,12,"Hyper-arid",0.2068,-0.1566,1.045,0.066
"SMs","Ep",1,12,"Arid",0.4357,-0.3888,1.234,8.907
"SMs","Ep",1,12,"Semi-arid",0.4005,-0.3668,1.191,19.89
"SMs","Ep",1,12,"Dry sub-humid",0.3282,-0.2731,1.121,9.767
"SMs","Ep",1,12,"Humid",0.2884,-0.1662,1.091,67.133
"SMs","Ep",3,1,"ALL",0.3582,-0.2708,1.147,105.763
"SMs","Ep",3,1,"Hyper-arid",0.224,-0.1489,1.053,0.066
"SMs","Ep",3,1,"Arid",0.4629,-0.4258,1.273,8.907
"SMs","Ep",3,1,"Semi-arid",0.439,-0.4191,1.239,19.89
"SMs","Ep",3,1,"Dry sub-humid",0.3532,-0.3085,1.143,9.767
"SMs","Ep",3,1,"Humid",0.3212,-0.2009,1.115,67.133
"SMs","Ep",3,2,"ALL",0.3618,-0.2616,1.151,105.763
"SMs","Ep",3,2,"Hyper-arid",0.2577,-0.1771,1.071,0.066
"SMs","Ep",3,2,"Arid",0.4808,-0.4481,1.301,8.907
"SMs","Ep",3,2,"Semi-arid",0.4292,-0.3866,1.226,19.89
"SMs","Ep",3,2,"Dry sub-humid",0.3498,-0.2918,1.139,9.767
"SMs","Ep",3,2,"Humid",0.328,-0.1956,1.121,67.133
"SMs","Ep",3,3,"ALL",0.3552,-0.251,1.144,105.763
"SMs","Ep",3,3,"Hyper-arid",0.2607,-0.1777,1.073,0.066
"SMs","Ep",3,3,"Arid",0.4587,-0.4253,1.266,8.907
"SMs","Ep",3,3,"Semi-arid",0.4232,-0.3656,1.218,19.89
"SMs","Ep",3,3,"Dry sub-humid",0.347,-0.2727,1.137,9.767
"SMs","Ep",3,3,"Humid",0.3226,-0.1909,1.116,67.133
"SMs","Ep",3,4,"ALL",0.373,-0.2741,1.162,105.763
"SMs","Ep",3,4,"Hyper-arid",0.2555,-0.1738,1.07,0.066
"SMs","Ep",3,4,"Arid",0.4868,-0.4608,1.311,8.907
"SMs","Ep",3,4,"Semi-arid",0.4586,-0.4397,1.266,19.89
"SMs","Ep",3,4,"Dry sub-humid",0.3633,-0.3115,1.152,9.767
"SMs","Ep",3,4,"Humid",0.3341,-0.1949,1.126,67.133
"SMs","Ep",3,5,"ALL",0.3977,-0.3333,1.188,105.763
"SMs","Ep",3,5,"Hyper-arid",0.2261,-0.1053,1.054,0.066
"SMs","Ep",3,5,"Arid",0.4894,-0.4691,1.315,8.907
"SMs","Ep",3,5,"Semi-arid",0.4987,-0.4885,1.331,19.89
"SMs","Ep",3,5,"Dry sub-humid",0.4083,-0.3771,1.2,9.767
"SMs","Ep",3,5,"Humid",0.3542,-0.2631,1.143,67.133
"SMs","Ep",3,6,"ALL",0.4275,-0.4005,1.224,105.763
"SMs","Ep",3,6,"Hyper-arid",0.192,-0.0328,1.038,0.066
"SMs","Ep",3,6,"Arid",0.4434,-0.423,1.245,8.907
"SMs","Ep",3,6,"Semi-arid",0.5132,-0.5057,1.357,19.89
"SMs","Ep",3,6,"Dry sub-humid",0.458,-0.4476,1.265,9.767
"SMs","Ep",3,6,"Humid",0.3957,-0.3599,1.186,67.133
"SMs","Ep",3,7,"ALL",0.4497,-0.4314,1.253,105.763
"SMs","Ep",3,7,"Hyper-arid",0.1653,0.0226,1.028,0.066
"SMs","Ep",3,7,"Arid",0.432,-0.41,1.229,8.907
"SMs","Ep",3,7,"Semi-arid",0.4996,-0.4911,1.333,19.89
"SMs","Ep",3,7,"Dry sub-humid",0.4738,-0.4652,1.289,9.767
"SMs","Ep",3,7,"Humid",0.434,-0.4121,1.232,67.133
"SMs","Ep",3,8,"ALL",0.4307,-0.4104,1.228,105.763
"SMs","Ep",3,8,"Hyper-arid",0.1577,0.0515,1.025,0.066
"SMs","Ep",3,8,"Arid",0.3958,-0.3646,1.186,8.907
"SMs","Ep",3,8,"Semi-arid",0.4563,-0.4406,1.263,19.89
"SMs","Ep",3,8,"Dry sub-humid",0.4441,-0.4356,1.246,9.767
"SMs","Ep",3,8,"Humid",0.4261,-0.4044,1.222,67.133
"SMs","Ep",3,9,"ALL",0.4198,-0.3977,1.214,105.763
"SMs","Ep",3,9,"Hyper-arid",0.176,-0.0218,1.032,0.066
"SMs","Ep",3,9,"Arid",0.3984,-0.3665,1.189,8.907
"SMs","Ep",3,9,"Semi-arid",0.4344,-0.4093,1.233,19.89
"SMs","Ep",3,9,"Dry sub-humid",0.4134,-0.4016,1.206,9.767
"SMs","Ep",3,9,"Humid",0.4196,-0.3982,1.214,67.133
"SMs","Ep",3,10,"ALL",0.3975,-0.379,1.188,105.763
"SMs","Ep",3,10,"Hyper-arid",0.1779,0.0173,1.033,0.066
"SMs","Ep",3,10,"Arid",0.366,-0.343,1.155,8.907
"SMs","Ep",3,10,"Semi-arid",0.433,-0.4228,1.231,19.89
"SMs","Ep",3,10,"Dry sub-humid",0.408,-0.3985,1.2,9.767
"SMs","Ep",3,10,"Humid",0.3898,-0.3684,1.179,67.133
"SMs","Ep",3,11,"ALL",0.3782,-0.3501,1.167,105.763
"SMs","Ep",3,11,"Hyper-arid",0.1917,0.0179,1.038,0.066
"SMs","Ep",3,11,"Arid",0.3701,-0.3503,1.159,8.907
"SMs","Ep",3,11,"Semi-arid",0.4423,-0.4361,1.243,19.89
"SMs","Ep",3,11,"Dry sub-humid",0.4107,-0.3996,1.203,9.767
"SMs","Ep",3,11,"Humid",0.3558,-0.3177,1.145,67.133
"SMs","Ep",3,12,"ALL",0.3559,-0.3001,1.145,105.763
"SMs","Ep",3,12,"Hyper-arid",0.1896,-0.0767,1.037,0.066
"SMs","Ep",3,12,"Arid",0.3957,-0.3715,1.186,8.907
"SMs","Ep",3,12,"Semi-arid",0.4427,-0.4336,1.244,19.89
"SMs","Ep",3,12,"Dry sub-humid",0.3731,-0.3381,1.162,9.767
"SMs","Ep",3,12,"Humid",0.3225,-0.2458,1.116,67.133
"SMs","Ep",6,1,"ALL",0.3991,-0.3782,1.189,105.763
"SMs","Ep",6,1,"Hyper-arid",0.1822,-0.0137,1.034,0.066
"SMs","Ep",6,1,"Arid",0.3872,-0.3698,1.176,8.907
"SMs","Ep",6,1,"Semi-arid",0.4627,-0.4561,1.272,19.89
"SMs","Ep",6,1,"Dry sub-humid",0.4356,-0.4264,1.234,9.767
"SMs","Ep",6,1,"Humid",0.3767,-0.3497,1.165,67.133
"SMs","Ep",6,2,"ALL",0.3829,-0.3476,1.172,105.763
"SMs","Ep",6,2,"Hyper-arid",0.2033,-0.0612,1.043,0.066
"SMs","Ep",6,2,"Arid",0.4424,-0.4222,1.243,8.907
"SMs","Ep",6,2,"Semi-arid",0.4663,-0.4594,1.278,19.89
"SMs","Ep",6,2,"Dry sub-humid",0.4116,-0.3978,1.204,9.767
"SMs","Ep",6,2,"Humid",0.3464,-0.2975,1.136,67.133
"SMs","Ep",6,3,"ALL",0.3708,-0.299,1.159,105.763
"SMs","Ep",6,3,"Hyper-arid",0.2106,-0.1075,1.046,0.066
"SMs","Ep",6,3,"Arid",0.4583,-0.4342,1.266,8.907
"SMs","Ep",6,3,"Semi-arid",0.4538,-0.4427,1.259,19.89
"SMs","Ep",6,3,"Dry sub-humid",0.368,-0.3275,1.157,9.767
"SMs","Ep",6,3,"Humid",0.3351,-0.2346,1.127,67.133
"SMs","Ep",6,4,"ALL",0.3752,-0.2787,1.164,105.763
"SMs","Ep",6,4,"Hyper-arid",0.2473,-0.1604,1.065,0.066
"SMs","Ep",6,4,"Arid",0.4836,-0.4499,1.305,8.907
"SMs","Ep",6,4,"Semi-arid",0.4609,-0.4431,1.27,19.89
"SMs","Ep",6,4,"Dry sub-humid",0.37,-0.3208,1.159,9.767
"SMs","Ep",6,4,"Humid",0.3363,-0.2013,1.128,67.133
"SMs","Ep",6,5,"ALL",0.38,-0.3107,1.169,105.763
"SMs","Ep",6,5,"Hyper-arid",0.2405,-0.1121,1.061,0.066
"SMs","Ep",6,5,"Arid",0.4753,-0.4474,1.292,8.907
"SMs","Ep",6,5,"Semi-arid",0.481,-0.4665,1.301,19.89
"SMs","Ep",6,5,"Dry sub-humid",0.3929,-0.3592,1.182,9.767
"SMs","Ep",6,5,"Humid",0.3357,-0.2395,1.127,67.133
"SMs","Ep",6,6,"ALL",0.3984,-0.3646,1.189,105.763
"SMs","Ep",6,6,"Hyper-arid",0.2427,-0.0837,1.063,0.066
"SMs","Ep",6,6,"Arid",0.4494,-0.4199,1.253,8.907
"SMs","Ep",6,6,"Semi-arid",0.4944,-0.483,1.323,19.89
"SMs","Ep",6,6,"Dry sub-humid",0.4288,-0.4159,1.225,9.767
"SMs","Ep",6,6,"Humid",0.3588,-0.315,1.148,67.133
"SMs","Ep",6,7,"ALL",0.4232,-0.4001,1.218,105.763
"SMs","Ep",6,7,"Hyper-arid",0.2334,-0.0652,1.058,0.066
"SMs","Ep",6,7,"Arid",0.4441,-0.4189,1.246,8.907
"SMs","Ep",6,7,"Semi-arid",0.5102,-0.5015,1.352,19.89
"SMs","Ep",6,7,"Dry sub-humid",0.4589,-0.4488,1.267,9.767
"SMs","Ep",6,7,"Humid",0.3897,-0.3609,1.179,67.133
"SMs","Ep",6,8,"ALL",0.4367,-0.4164,1.236,105.763
"SMs","Ep",6,8,"Hyper-arid",0.233,-0.0587,1.057,0.066
"SMs","Ep",6,8,"Arid",0.4431,-0.4238,1.244,8.907
"SMs","Ep",6,8,"Semi-arid",0.5157,-0.5092,1.362,19.89
"SMs","Ep",6,8,"Dry sub-humid",0.4738,-0.4651,1.29,9.767
"SMs","Ep",6,8,"Humid",0.4073,-0.3812,1.199,67.133
"SMs","Ep",6,9,"ALL",0.4437,-0.4225,1.245,105.763
"SMs","Ep",6,9,"Hyper-arid",0.1997,-0.0252,1.042,0.066
"SMs","Ep",6,9,"Arid",0.4273,-0.4046,1.223,8.907
"SMs","Ep",6,9,"Semi-arid",0.5047,-0.4961,1.342,19.89
"SMs","Ep",6,9,"Dry sub-humid",0.4767,-0.4674,1.294,9.767
"SMs","Ep",6,9,"Humid",0.4232,-0.3969,1.218,67.133
"SMs","Ep",6,10,"ALL",0.4394,-0.4183,1.239,105.763
"SMs","Ep",6,10,"Hyper-arid",0.1697,0.0345,1.03,0.066
"SMs","Ep",6,10,"Arid",0.3958,-0.3738,1.186,8.907
"SMs","Ep",6,10,"Semi-arid",0.4796,-0.4695,1.299,19.89
"SMs","Ep",6,10,"Dry sub-humid",0.4638,-0.4544,1.274,9.767
"SMs","Ep",6,10,"Humid",0.43,-0.4042,1.227,67.133
"SMs","Ep",6,11,"ALL",0.427,-0.4075,1.223,105.763
"SMs","Ep",6,11,"Hyper-arid",0.1612,0.0474,1.027,0.066
"SMs","Ep",6,11,"Arid",0.3603,-0.3347,1.149,8.907
"SMs","Ep",6,11,"Semi-arid",0.4595,-0.4502,1.268,19.89
"SMs","Ep",6,11,"Dry sub-humid",0.4609,-0.4536,1.27,9.767
"SMs","Ep",6,11,"Humid",0.4215,-0.3983,1.216,67.133
"SMs","Ep",6,12,"ALL",0.4144,-0.3952,1.207,105.763
"SMs","Ep",6,12,"Hyper-arid",0.1828,-0.0013,1.035,0.066
"SMs","Ep",6,12,"Arid",0.3619,-0.3396,1.151,8.907
"SMs","Ep",6,12,"Semi-arid",0.4606,-0.4529,1.269,19.89
"SMs","Ep",6,12,"Dry sub-humid",0.447,-0.4384,1.25,9.767
"SMs","Ep",6,12,"Humid",0.4031,-0.3796,1.194,67.133
"SMs","Ep",9,1,"ALL",0.4351,-0.4143,1.233,105.763
"SMs","Ep",9,1,"Hyper-arid",0.1947,-0.0105,1.039,0.066
"SMs","Ep",9,1,"Arid",0.3889,-0.3676,1.178,8.907
"SMs","Ep",9,1,"Semi-arid",0.4847,-0.4779,1.307,19.89
"SMs","Ep",9,1,"Dry sub-humid",0.4769,-0.4686,1.294,9.767
"SMs","Ep",9,1,"Humid",0.4206,-0.3942,1.215,67.133
"SMs","Ep",9,2,"ALL",0.4304,-0.412,1.227,105.763
"SMs","Ep",9,2,"Hyper-arid",0.2024,-0.0243,1.043,0.066
"SMs","Ep",9,2,"Arid",0.3992,-0.3771,1.19,8.907
"SMs","Ep",9,2,"Semi-arid",0.4811,-0.4746,1.301,19.89
"SMs","Ep",9,2,"Dry sub-humid",0.4681,-0.4611,1.281,9.767
"SMs","Ep",9,2,"Humid",0.4143,-0.3913,1.207,67.133
"SMs","Ep",9,3,"ALL",0.4148,-0.3952,1.208,105.763
"SMs","Ep",9,3,"Hyper-arid",0.1967,-0.0374,1.04,0.066
"SMs","Ep",9,3,"Arid",0.4221,-0.4042,1.217,8.907
"SMs","Ep",9,3,"Semi-arid",0.4781,-0.4721,1.296,19.89
"SMs","Ep",9,3,"Dry sub-humid",0.4428,-0.4336,1.244,9.767
"SMs","Ep",9,3,"Humid",0.3913,-0.366,1.181,67.133
"SMs","Ep",9,4,"ALL",0.3897,-0.3606,1.179,105.763
"SMs","Ep",9,4,"Hyper-arid",0.1964,-0.05,1.04,0.066
"SMs","Ep",9,4,"Arid",0.4478,-0.429,1.251,8.907
"SMs","Ep",9,4,"Semi-arid",0.48,-0.4741,1.299,19.89
"SMs","Ep",9,4,"Dry sub-humid",0.4196,-0.4085,1.214,9.767
"SMs","Ep",9,4,"Humid",0.3511,-0.3113,1.141,67.133
"SMs","Ep",9,5,"ALL",0.3818,-0.3301,1.171,105.763
"SMs","Ep",9,5,"Hyper-arid",0.1972,-0.0414,1.04,0.066
"SMs","Ep",9,5,"Arid",0.4586,-0.4352,1.266,8.907
"SMs","Ep",9,5,"Semi-arid",0.4876,-0.48,1.312,19.89
"SMs","Ep",9,5,"Dry sub-humid",0.4001,-0.3798,1.191,9.767
"SMs","Ep",9,5,"Humid",0.3377,-0.2647,1.129,67.133
"SMs","Ep",9,6,"ALL",0.3864,-0.3468,1.175,105.763
"SMs","Ep",9,6,"Hyper-arid",0.2236,-0.0475,1.053,0.066
"SMs","Ep",9,6,"Arid",0.4456,-0.4172,1.248,8.907
"SMs","Ep",9,6,"Semi-arid",0.4923,-0.4821,1.32,19.89
"SMs","Ep",9,6,"Dry sub-humid",0.4132,-0.3943,1.206,9.767
"SMs","Ep",9,6,"Humid",0.3434,-0.2908,1.134,67.133
"SMs","Ep",9,7,"ALL",0.4086,-0.3796,1.2,105.763
"SMs","Ep",9,7,"Hyper-arid",0.2276,-0.0541,1.055,0.066
"SMs","Ep",9,7,"Arid",0.4464,-0.4142,1.249,8.907
"SMs","Ep",9,7,"Semi-arid",0.5047,-0.4932,1.342,19.89
"SMs","Ep",9,7,"Dry sub-humid",0.4469,-0.4318,1.25,9.767
"SMs","Ep",9,7,"Humid",0.3697,-0.3341,1.158,67.133
"SMs","Ep",9,8,"ALL",0.4216,-0.3986,1.216,105.763
"SMs","Ep",9,8,"Hyper-arid",0.2441,-0.066,1.063,0.066
"SMs","Ep",9,8,"Arid",0.4352,-0.4113,1.234,8.907
"SMs","Ep",9,8,"Semi-arid",0.5062,-0.4977,1.345,19.89
"SMs","Ep",9,8,"Dry sub-humid",0.4643,-0.4516,1.275,9.767
"SMs","Ep",9,8,"Humid",0.3887,-0.3601,1.178,67.133
"SMs","Ep",9,9,"ALL",0.4316,-0.4093,1.229,105.763
"SMs","Ep",9,9,"Hyper-arid",0.2479,-0.0782,1.066,0.066
"SMs","Ep",9,9,"Arid",0.4288,-0.4039,1.225,8.907
"SMs","Ep",9,9,"Semi-arid",0.5102,-0.5029,1.352,19.89
"SMs","Ep",9,9,"Dry sub-humid",0.4684,-0.4581,1.281,9.767
"SMs","Ep",9,9,"Humid",0.4035,-0.3755,1.194,67.133
"SMs","Ep",9,10,"ALL",0.4344,-0.4126,1.233,105.763
"SMs","Ep",9,10,"Hyper-arid",0.2477,-0.0731,1.065,0.066
"SMs","Ep",9,10,"Arid",0.4229,-0.4038,1.218,8.907
"SMs","Ep",9,10,"Semi-arid",0.5081,-0.5018,1.348,19.89
"SMs","Ep",9,10,"Dry sub-humid",0.4693,-0.4603,1.282,9.767
"SMs","Ep",9,10,"Humid",0.4093,-0.3807,1.201,67.133
"SMs","Ep",9,11,"ALL",0.4358,-0.413,1.234,105.763
"SMs","Ep",9,11,"Hyper-arid",0.2346,-0.049,1.058,0.066
"SMs","Ep",9,11,"Arid",0.4092,-0.3877,1.201,8.907
"SMs","Ep",9,11,"Semi-arid",0.5019,-0.4957,1.337,19.89
"SMs","Ep",9,11,"Dry sub-humid",0.4787,-0.4704,1.297,9.767
"SMs","Ep",9,11,"Humid",0.4137,-0.3839,1.207,67.133
"SMs","Ep",9,12,"ALL",0.4313,-0.4083,1.228,105.763
"SMs","Ep",9,12,"Hyper-arid",0.2085,-0.0278,1.045,0.066
"SMs","Ep",9,12,"Arid",0.3876,-0.3623,1.177,8.907
"SMs","Ep",9,12,"Semi-arid",0.4904,-0.483,1.317,19.89
"SMs","Ep",9,12,"Dry sub-humid",0.4781,-0.4695,1.296,9.767
"SMs","Ep",9,12,"Humid",0.4129,-0.3837,1.206,67.133
"SMs","Ep",12,1,"ALL",0.4296,-0.4054,1.226,105.763
"SMs","Ep",12,1,"Hyper-arid",0.2485,-0.069,1.066,0.066
"SMs","Ep",12,1,"Arid",0.4113,-0.3883,1.204,8.907
"SMs","Ep",12,1,"Semi-arid",0.4997,-0.4933,1.333,19.89
"SMs","Ep",12,1,"Dry sub-humid",0.4782,-0.4695,1.296,9.767
"SMs","Ep",12,1,"Humid",0.4044,-0.3726,1.196,67.133
"SMs","Ep",12,2,"ALL",0.4303,-0.4067,1.227,105.763
"SMs","Ep",12,2,"Hyper-arid",0.2546,-0.077,1.069,0.066
"SMs","Ep",12,2,"Arid",0.4223,-0.3991,1.217,8.907
"SMs","Ep",12,2,"Semi-arid",0.5007,-0.4946,1.335,19.89
"SMs","Ep",12,2,"Dry sub-humid",0.4798,-0.4711,1.299,9.767
"SMs","Ep",12,2,"Humid",0.4035,-0.3726,1.195,67.133
"SMs","Ep",12,3,"ALL",0.4279,-0.4052,1.224,105.763
"SMs","Ep",12,3,"Hyper-arid",0.2246,-0.0455,1.053,0.066
"SMs","Ep",12,3,"Arid",0.4246,-0.4018,1.22,8.907
"SMs","Ep",12,3,"Semi-arid",0.4986,-0.4926,1.331,19.89
"SMs","Ep",12,3,"Dry sub-humid",0.4689,-0.4603,1.282,9.767
"SMs","Ep",12,3,"Humid",0.4016,-0.372,1.192,67.133
"SMs","Ep",12,4,"ALL",0.4246,-0.4025,1.22,105.763
"SMs","Ep",12,4,"Hyper-arid",0.1919,-0.0204,1.038,0.066
"SMs","Ep",12,4,"Arid",0.4309,-0.4085,1.228,8.907
"SMs","Ep",12,4,"Semi-arid",0.4979,-0.4919,1.33,19.89
"SMs","Ep",12,4,"Dry sub-humid",0.4622,-0.4535,1.272,9.767
"SMs","Ep",12,4,"Humid",0.3968,-0.3682,1.187,67.133
"SMs","Ep",12,5,"ALL",0.4171,-0.3947,1.211,105.763
"SMs","Ep",12,5,"Hyper-arid",0.1954,-0.0191,1.04,0.066
"SMs","Ep",12,5,"Arid",0.4289,-0.4061,1.225,8.907
"SMs","Ep",12,5,"Semi-arid",0.4993,-0.4932,1.332,19.89
"SMs","Ep",12,5,"Dry sub-humid",0.455,-0.4469,1.261,9.767
"SMs","Ep",12,5,"Humid",0.3858,-0.3567,1.175,67.133
"SMs","Ep",12,6,"ALL",0.4125,-0.3874,1.205,105.763
"SMs","Ep",12,6,"Hyper-arid",0.2027,-0.0174,1.043,0.066
"SMs","Ep",12,6,"Arid",0.431,-0.4096,1.228,8.907
"SMs","Ep",12,6,"Semi-arid",0.5029,-0.4962,1.339,19.89
"SMs","Ep",12,6,"Dry sub-humid",0.4474,-0.4369,1.25,9.767
"SMs","Ep",12,6,"Humid",0.3783,-0.3454,1.167,67.133
"SMs","Ep",12,7,"ALL",0.4098,-0.3826,1.202,105.763
"SMs","Ep",12,7,"Hyper-arid",0.2067,-0.0198,1.045,0.066
"SMs","Ep",12,7,"Arid",0.4332,-0.4089,1.231,8.907
"SMs","Ep",12,7,"Semi-arid",0.5035,-0.4952,1.34,19.89
"SMs","Ep",12,7,"Dry sub-humid",0.4467,-0.4339,1.249,9.767
"SMs","Ep",12,7,"Humid",0.3737,-0.3387,1.162,67.133
"SMs","Ep",12,8,"ALL",0.4105,-0.3835,1.203,105.763
"SMs","Ep",12,8,"Hyper-arid",0.2212,-0.0192,1.051,0.066
"SMs","Ep",12,8,"Arid",0.4321,-0.4071,1.23,8.907
"SMs","Ep",12,8,"Semi-arid",0.5026,-0.4934,1.338,19.89
"SMs","Ep",12,8,"Dry sub-humid",0.4469,-0.4329,1.25,9.767
"SMs","Ep",12,8,"Humid",0.3753,-0.341,1.164,67.133
"SMs","Ep",12,9,"ALL",0.4179,-0.3923,1.212,105.763
"SMs","Ep",12,9,"Hyper-arid",0.2418,-0.0572,1.062,0.066
"SMs","Ep",12,9,"Arid",0.4293,-0.4054,1.226,8.907
"SMs","Ep",12,9,"Semi-arid",0.5041,-0.496,1.341,19.89
"SMs","Ep",12,9,"Dry sub-humid",0.4561,-0.4431,1.263,9.767
"SMs","Ep",12,9,"Humid",0.3855,-0.3528,1.175,67.133
"SMs","Ep",12,10,"ALL",0.4274,-0.4032,1.223,105.763
"SMs","Ep",12,10,"Hyper-arid",0.2459,-0.0665,1.064,0.066
"SMs","Ep",12,10,"Arid",0.4258,-0.4027,1.221,8.907
"SMs","Ep",12,10,"Semi-arid",0.5092,-0.502,1.35,19.89
"SMs","Ep",12,10,"Dry sub-humid",0.468,-0.4572,1.28,9.767
"SMs","Ep",12,10,"Humid",0.3976,-0.3666,1.188,67.133
"SMs","Ep",12,11,"ALL",0.4298,-0.4059,1.227,105.763
"SMs","Ep",12,11,"Hyper-arid",0.2512,-0.0712,1.067,0.066
"SMs","Ep",12,11,"Arid",0.4132,-0.3886,1.206,8.907
"SMs","Ep",12,11,"Semi-arid",0.5067,-0.4999,1.345,19.89
"SMs","Ep",12,11,"Dry sub-humid",0.475,-0.4657,1.291,9.767
"SMs","Ep",12,11,"Humid",0.4027,-0.372,1.194,67.133
"SMs","Ep",12,12,"ALL",0.428,-0.4036,1.224,105.763
"SMs","Ep",12,12,"Hyper-arid",0.245,-0.0701,1.064,0.066
"SMs","Ep",12,12,"Arid",0.4007,-0.3733,1.191,8.907
"SMs","Ep",12,12,"Semi-arid",0.5038,-0.4971,1.34,19.89
"SMs","Ep",12,12,"Dry sub-humid",0.4748,-0.466,1.291,9.767
"SMs","Ep",12,12,"Humid",0.4024,-0.3712,1.193,67.133
