"indicator","sign","month","aridity_class","scale","area_km2","perc","area_sig","veg_area_km2","sig_perc_total"
"AED","pos","January","Hyper-arid",1,334.320803587555,8.33382877236075,4011.61114200395,66324.3336891348,6.04847560294621
"AED","pos","January","Hyper-arid",3,546.918329986717,13.6333834618255,4011.61114200395,66324.3336891348,6.04847560294621
"AED","pos","January","Hyper-arid",6,1049.17538245578,26.1534666575802,4011.61114200395,66324.3336891348,6.04847560294621
"AED","pos","January","Hyper-arid",9,1313.17564284714,32.7343702159317,4011.61114200395,66324.3336891348,6.04847560294621
"AED","pos","January","Hyper-arid",12,768.020983126762,19.1449508923018,4011.61114200395,66324.3336891348,6.04847560294621
"AED","pos","January","Arid",1,445425.60215112,72.9616255494093,610492.980107018,8948730.28649195,6.82211845214012
"AED","pos","January","Arid",3,120179.620953355,19.6856679551476,610492.980107018,8948730.28649195,6.82211845214012
"AED","pos","January","Arid",6,24966.1872698544,4.08951258792155,610492.980107018,8948730.28649195,6.82211845214012
"AED","pos","January","Arid",9,12425.9870169796,2.03540211302694,610492.980107018,8948730.28649195,6.82211845214012
"AED","pos","January","Arid",12,7495.58271571969,1.22779179449461,610492.980107018,8948730.28649195,6.82211845214012
"AED","pos","January","Semi-arid",1,2620785.43539573,68.7632939299532,3811314.56277472,20128659.9872348,18.9347654796285
"AED","pos","January","Semi-arid",3,926637.048861138,24.3127937513135,3811314.56277472,20128659.9872348,18.9347654796285
"AED","pos","January","Semi-arid",6,140683.028236078,3.6911943613929,3811314.56277472,20128659.9872348,18.9347654796285
"AED","pos","January","Semi-arid",9,70563.5948592836,1.85142406109655,3811314.56277472,20128659.9872348,18.9347654796285
"AED","pos","January","Semi-arid",12,52645.4554222583,1.38129389624388,3811314.56277472,20128659.9872348,18.9347654796285
"AED","pos","January","Dry sub-humid",1,931439.410694202,56.2123364434383,1657001.77154424,10048958.1917292,16.4892891375351
"AED","pos","January","Dry sub-humid",3,484775.710738009,29.2561974925477,1657001.77154424,10048958.1917292,16.4892891375351
"AED","pos","January","Dry sub-humid",6,116512.434843501,7.03152144097677,1657001.77154424,10048958.1917292,16.4892891375351
"AED","pos","January","Dry sub-humid",9,56076.1182206092,3.38419180857893,1657001.77154424,10048958.1917292,16.4892891375351
"AED","pos","January","Dry sub-humid",12,68198.0970479575,4.1157528144583,1657001.77154424,10048958.1917292,16.4892891375351
"AED","pos","January","Humid",1,7861095.33170464,62.7560935803628,12526425.5360932,68616057.4020904,18.2558223400804
"AED","pos","January","Humid",3,2529212.81305436,20.1910178268088,12526425.5360932,68616057.4020904,18.2558223400804
"AED","pos","January","Humid",6,757170.887526727,6.04458858071752,12526425.5360932,68616057.4020904,18.2558223400804
"AED","pos","January","Humid",9,597125.711725786,4.7669282031437,12526425.5360932,68616057.4020904,18.2558223400804
"AED","pos","January","Humid",12,781820.792080933,6.24137180896712,12526425.5360932,68616057.4020904,18.2558223400804
"AED","pos","April","Hyper-arid",1,325.866770276245,42.7990517801953,761.387826884136,66324.3336891348,1.14797659400967
"AED","pos","April","Hyper-arid",3,109.930007456524,14.4381094069228,761.387826884136,66324.3336891348,1.14797659400967
"AED","pos","April","Hyper-arid",6,110.779464667667,14.549676361522,761.387826884136,66324.3336891348,1.14797659400967
"AED","pos","April","Hyper-arid",9,106.156178998764,13.9424581337466,761.387826884136,66324.3336891348,1.14797659400967
"AED","pos","April","Hyper-arid",12,108.655405484936,14.2707043176132,761.387826884136,66324.3336891348,1.14797659400967
"AED","pos","April","Arid",1,219626.697281975,65.100790559966,337364.101714973,8948730.28649195,3.76996613948933
"AED","pos","April","Arid",3,62517.2772198795,18.531099456663,337364.101714973,8948730.28649195,3.76996613948933
"AED","pos","April","Arid",6,20394.1132051137,6.04513435230401,337364.101714973,8948730.28649195,3.76996613948933
"AED","pos","April","Arid",9,17823.3422940502,5.28311761786335,337364.101714973,8948730.28649195,3.76996613948933
"AED","pos","April","Arid",12,17002.6717139547,5.03985801320367,337364.101714973,8948730.28649195,3.76996613948933
"AED","pos","April","Semi-arid",1,1515623.08994715,50.6900128766319,2989983.63570307,20128659.9872348,14.8543600895403
"AED","pos","April","Semi-arid",3,1045859.2893347,34.9787629887385,2989983.63570307,20128659.9872348,14.8543600895403
"AED","pos","April","Semi-arid",6,244403.783559735,8.17408432077434,2989983.63570307,20128659.9872348,14.8543600895403
"AED","pos","April","Semi-arid",9,89741.7230783406,3.00141184743421,2989983.63570307,20128659.9872348,14.8543600895403
"AED","pos","April","Semi-arid",12,94355.7497832981,3.15572796642101,2989983.63570307,20128659.9872348,14.8543600895403
"AED","pos","April","Dry sub-humid",1,798043.269945382,37.9518712811607,2102777.13062726,10048958.1917292,20.9253247004049
"AED","pos","April","Dry sub-humid",3,702226.489675725,33.3951934062653,2102777.13062726,10048958.1917292,20.9253247004049
"AED","pos","April","Dry sub-humid",6,374393.397173726,17.8047112896851,2102777.13062726,10048958.1917292,20.9253247004049
"AED","pos","April","Dry sub-humid",9,109927.592149596,5.22773386434912,2102777.13062726,10048958.1917292,20.9253247004049
"AED","pos","April","Dry sub-humid",12,118186.381682937,5.62049015853981,2102777.13062726,10048958.1917292,20.9253247004049
"AED","pos","April","Humid",1,9501439.80940533,46.4642141457183,20448941.1563323,68616057.4020904,29.8019762874182
"AED","pos","April","Humid",3,5926542.85134683,28.9821502543402,20448941.1563323,68616057.4020904,29.8019762874182
"AED","pos","April","Humid",6,3103495.73336105,15.1768040684179,20448941.1563323,68616057.4020904,29.8019762874182
"AED","pos","April","Humid",9,1039091.27515574,5.08139403019651,20448941.1563323,68616057.4020904,29.8019762874182
"AED","pos","April","Humid",12,878371.487052962,4.29543750132709,20448941.1563323,68616057.4020904,29.8019762874182
"AED","pos","July","Hyper-arid",1,565.759135143642,32.1063979155351,1762.13830225375,66324.3336891348,2.65685036582948
"AED","pos","July","Hyper-arid",3,321.631442083248,18.2523381775362,1762.13830225375,66324.3336891348,2.65685036582948
"AED","pos","July","Hyper-arid",6,107.010155600464,6.07274443008245,1762.13830225375,66324.3336891348,2.65685036582948
"AED","pos","July","Hyper-arid",9,108.45434838485,6.15470126528311,1762.13830225375,66324.3336891348,2.65685036582948
"AED","pos","July","Hyper-arid",12,659.283221041542,37.4138182115632,1762.13830225375,66324.3336891348,2.65685036582948
"AED","pos","July","Arid",1,202585.16254162,85.3708038870308,237300.28688695,8948730.28649195,2.65177605414204
"AED","pos","July","Arid",3,16871.8947039286,7.10993438957212,237300.28688695,8948730.28649195,2.65177605414204
"AED","pos","July","Arid",6,6560.213033187,2.76451963849175,237300.28688695,8948730.28649195,2.65177605414204
"AED","pos","July","Arid",9,4565.75236528731,1.92403996859154,237300.28688695,8948730.28649195,2.65177605414204
"AED","pos","July","Arid",12,6717.26424292769,2.83070211631383,237300.28688695,8948730.28649195,2.65177605414204
"AED","pos","July","Semi-arid",1,441029.341072428,69.0940656851457,638302.778536943,20128659.9872348,3.17111411759026
"AED","pos","July","Semi-arid",3,57357.8705001861,8.98599730862148,638302.778536943,20128659.9872348,3.17111411759026
"AED","pos","July","Semi-arid",6,33562.7640254429,5.2581259480606,638302.778536943,20128659.9872348,3.17111411759026
"AED","pos","July","Semi-arid",9,48592.8987651609,7.61282895815381,638302.778536943,20128659.9872348,3.17111411759026
"AED","pos","July","Semi-arid",12,57759.9041737281,9.04898210001837,638302.778536943,20128659.9872348,3.17111411759026
"AED","pos","July","Dry sub-humid",1,315681.435121123,58.8044173035722,536832.859836778,10048958.1917292,5.34217427910707
"AED","pos","July","Dry sub-humid",3,59185.1084208452,11.0248669276392,536832.859836778,10048958.1917292,5.34217427910707
"AED","pos","July","Dry sub-humid",6,34296.517141625,6.38867694351877,536832.859836778,10048958.1917292,5.34217427910707
"AED","pos","July","Dry sub-humid",9,57748.6216292925,10.7572814463798,536832.859836778,10048958.1917292,5.34217427910707
"AED","pos","July","Dry sub-humid",12,69921.1775238976,13.02475737889,536832.859836778,10048958.1917292,5.34217427910707
"AED","pos","July","Humid",1,8048530.07558053,68.8181134609839,11695365.7559114,68616057.4020904,17.0446484375757
"AED","pos","July","Humid",3,1385764.29580237,11.848832475392,11695365.7559114,68616057.4020904,17.0446484375757
"AED","pos","July","Humid",6,769391.209202508,6.57859895329555,11695365.7559114,68616057.4020904,17.0446484375757
"AED","pos","July","Humid",9,782485.676319242,6.69056182294856,11695365.7559114,68616057.4020904,17.0446484375757
"AED","pos","July","Humid",12,709194.499007279,6.06389328737997,11695365.7559114,68616057.4020904,17.0446484375757
"AED","pos","October","Hyper-arid",1,1195.92228488462,34.5309880622132,3463.33062561076,66324.3336891348,5.22180990440635
"AED","pos","October","Hyper-arid",3,216.500877835278,6.25123331380173,3463.33062561076,66324.3336891348,5.22180990440635
"AED","pos","October","Hyper-arid",6,1295.44609839489,37.4046326624227,3463.33062561076,66324.3336891348,5.22180990440635
"AED","pos","October","Hyper-arid",9,106.156178998764,3.06514712207251,3463.33062561076,66324.3336891348,5.22180990440635
"AED","pos","October","Hyper-arid",12,649.305185497204,18.7479988394899,3463.33062561076,66324.3336891348,5.22180990440635
"AED","pos","October","Arid",1,119666.535695774,62.098381673678,192704.7573069,8948730.28649195,2.15343128172928
"AED","pos","October","Arid",3,35064.5922832111,18.1960179775778,192704.7573069,8948730.28649195,2.15343128172928
"AED","pos","October","Arid",6,19020.7316784441,9.87040068146936,192704.7573069,8948730.28649195,2.15343128172928
"AED","pos","October","Arid",9,6177.52248264139,3.20569277529725,192704.7573069,8948730.28649195,2.15343128172928
"AED","pos","October","Arid",12,12775.3751668297,6.6295068919776,192704.7573069,8948730.28649195,2.15343128172928
"AED","pos","October","Semi-arid",1,598225.883342804,66.8888918668433,894357.593086911,20128659.9872348,4.44320483158887
"AED","pos","October","Semi-arid",3,171452.424593892,19.1704555223955,894357.593086911,20128659.9872348,4.44320483158887
"AED","pos","October","Semi-arid",6,60630.0951144863,6.77917821497096,894357.593086911,20128659.9872348,4.44320483158887
"AED","pos","October","Semi-arid",9,27799.9338406505,3.10836896287737,894357.593086911,20128659.9872348,4.44320483158887
"AED","pos","October","Semi-arid",12,36249.2561950746,4.05310543291292,894357.593086911,20128659.9872348,4.44320483158887
"AED","pos","October","Dry sub-humid",1,387811.015956853,60.0063947950069,646282.81249305,10048958.1917292,6.4313414402
"AED","pos","October","Dry sub-humid",3,139475.632680394,21.5812071718826,646282.81249305,10048958.1917292,6.4313414402
"AED","pos","October","Dry sub-humid",6,43452.5669389057,6.72346008573035,646282.81249305,10048958.1917292,6.4313414402
"AED","pos","October","Dry sub-humid",9,33070.7334780454,5.11706838535198,646282.81249305,10048958.1917292,6.4313414402
"AED","pos","October","Dry sub-humid",12,42472.8634388504,6.5718695620282,646282.81249305,10048958.1917292,6.4313414402
"AED","pos","October","Humid",1,5559256.39562091,65.9317234496031,8431838.43035777,68616057.4020904,12.2884332758252
"AED","pos","October","Humid",3,1642665.34584047,19.4816985572949,8431838.43035777,68616057.4020904,12.2884332758252
"AED","pos","October","Humid",6,578663.262157712,6.86283622411811,8431838.43035777,68616057.4020904,12.2884332758252
"AED","pos","October","Humid",9,337346.410548698,4.00086426388485,8431838.43035777,68616057.4020904,12.2884332758252
"AED","pos","October","Humid",12,313907.016190092,3.72287750509907,8431838.43035777,68616057.4020904,12.2884332758252
"ED","neg","January","Hyper-arid",1,566.162829952923,16.5351819686263,3423.98911017221,66324.3336891348,5.16249303946362
"ED","neg","January","Hyper-arid",3,511.531648474174,14.9396400518472,3423.98911017221,66324.3336891348,5.16249303946362
"ED","neg","January","Hyper-arid",6,836.576818832329,24.4328119019705,3423.98911017221,66324.3336891348,5.16249303946362
"ED","neg","January","Hyper-arid",9,741.81605127602,21.6652573184939,3423.98911017221,66324.3336891348,5.16249303946362
"ED","neg","January","Hyper-arid",12,767.901761636765,22.4271087590621,3423.98911017221,66324.3336891348,5.16249303946362
"ED","neg","January","Arid",1,349704.295992589,78.175797064131,447330.643403237,8948730.28649195,4.99881691683656
"ED","neg","January","Arid",3,80147.172450569,17.9167632784596,447330.643403237,8948730.28649195,4.99881691683656
"ED","neg","January","Arid",6,11509.2977231145,2.57288381487865,447330.643403237,8948730.28649195,4.99881691683656
"ED","neg","January","Arid",9,3358.51448107831,0.750790166201697,447330.643403237,8948730.28649195,4.99881691683656
"ED","neg","January","Arid",12,2611.36275588992,0.583765676329027,447330.643403237,8948730.28649195,4.99881691683656
"ED","neg","January","Semi-arid",1,1910607.55504839,65.2416795652746,2928507.6162654,20128659.9872348,14.5489447291703
"ED","neg","January","Semi-arid",3,848651.402451756,28.9789720108041,2928507.6162654,20128659.9872348,14.5489447291703
"ED","neg","January","Semi-arid",6,84521.7438563265,2.8861712152253,2928507.6162654,20128659.9872348,14.5489447291703
"ED","neg","January","Semi-arid",9,44304.2498579591,1.51286100851811,2928507.6162654,20128659.9872348,14.5489447291703
"ED","neg","January","Semi-arid",12,40422.665050753,1.38031620017793,2928507.6162654,20128659.9872348,14.5489447291703
"ED","neg","January","Dry sub-humid",1,679543.430884748,52.4125464903365,1296528.17195218,10048958.1917292,12.9021152960841
"ED","neg","January","Dry sub-humid",3,411444.330704153,31.7343147341442,1296528.17195218,10048958.1917292,12.9021152960841
"ED","neg","January","Dry sub-humid",6,85624.2611070166,6.60411882744453,1296528.17195218,10048958.1917292,12.9021152960841
"ED","neg","January","Dry sub-humid",9,53644.3169767187,4.13753577725553,1296528.17195218,10048958.1917292,12.9021152960841
"ED","neg","January","Dry sub-humid",12,66271.8322795478,5.11148417081923,1296528.17195218,10048958.1917292,12.9021152960841
"ED","neg","January","Humid",1,5112743.44517012,57.9668951594775,8820109.18663971,68616057.4020904,12.8542931794432
"ED","neg","January","Humid",3,1837302.14268385,20.8308321791207,8820109.18663971,68616057.4020904,12.8542931794432
"ED","neg","January","Humid",6,623867.266959587,7.07323745951678,8820109.18663971,68616057.4020904,12.8542931794432
"ED","neg","January","Humid",9,595948.919965029,6.75670683156433,8820109.18663971,68616057.4020904,12.8542931794432
"ED","neg","January","Humid",12,650247.411859796,7.37232837032061,8820109.18663971,68616057.4020904,12.8542931794432
"ED","neg","April","Hyper-arid",1,103.930918479866,16.9201581200946,614.243186985565,66324.3336891348,0.926120403809183
"ED","neg","April","Hyper-arid",3,216.940163056988,35.3182855998183,614.243186985565,66324.3336891348,0.926120403809183
"ED","neg","April","Hyper-arid",6,202.279163607052,32.9314460286892,614.243186985565,66324.3336891348,0.926120403809183
"ED","neg","April","Hyper-arid",9,91.0929418416596,14.8301102513979,614.243186985565,66324.3336891348,0.926120403809183
"ED","neg","April","Hyper-arid",12,0,0,614.243186985565,66324.3336891348,0.926120403809183
"ED","neg","April","Arid",1,155127.824691334,67.7728978415849,228893.598520659,8948730.28649195,2.55783324776446
"ED","neg","April","Arid",3,46421.1802039403,20.2806808508236,228893.598520659,8948730.28649195,2.55783324776446
"ED","neg","April","Arid",6,12536.9585681825,5.47719929662035,228893.598520659,8948730.28649195,2.55783324776446
"ED","neg","April","Arid",9,9766.21804432814,4.26670649919757,228893.598520659,8948730.28649195,2.55783324776446
"ED","neg","April","Arid",12,5041.4170128742,2.20251551177356,228893.598520659,8948730.28649195,2.55783324776446
"ED","neg","April","Semi-arid",1,1053950.26763682,47.1424396663435,2235671.88099765,20128659.9872348,11.1069086686122
"ED","neg","April","Semi-arid",3,818022.912453762,36.5895782563876,2235671.88099765,20128659.9872348,11.1069086686122
"ED","neg","April","Semi-arid",6,188940.348955129,8.4511663165347,2235671.88099765,20128659.9872348,11.1069086686122
"ED","neg","April","Semi-arid",9,63652.1329103581,2.84711425909011,2235671.88099765,20128659.9872348,11.1069086686122
"ED","neg","April","Semi-arid",12,111106.219041786,4.96970150164413,2235671.88099765,20128659.9872348,11.1069086686122
"ED","neg","April","Dry sub-humid",1,648434.498606399,36.0073301539682,1800840.26178465,10048958.1917292,17.9206662762996
"ED","neg","April","Dry sub-humid",3,510324.731570694,28.3381453869176,1800840.26178465,10048958.1917292,17.9206662762996
"ED","neg","April","Dry sub-humid",6,386152.932865456,21.4429308950904,1800840.26178465,10048958.1917292,17.9206662762996
"ED","neg","April","Dry sub-humid",9,114232.638096463,6.3432965444284,1800840.26178465,10048958.1917292,17.9206662762996
"ED","neg","April","Dry sub-humid",12,141695.460645677,7.86829701959529,1800840.26178465,10048958.1917292,17.9206662762996
"ED","neg","April","Humid",1,7890502.63844158,45.307760591009,17415344.6021574,68616057.4020904,25.3808587399643
"ED","neg","April","Humid",3,3994004.18958868,22.9338223321488,17415344.6021574,68616057.4020904,25.3808587399643
"ED","neg","April","Humid",6,3486986.27513475,20.0224936961865,17415344.6021574,68616057.4020904,25.3808587399643
"ED","neg","April","Humid",9,1027220.51762951,5.89836458075405,17415344.6021574,68616057.4020904,25.3808587399643
"ED","neg","April","Humid",12,1016630.98135605,5.83755879990173,17415344.6021574,68616057.4020904,25.3808587399643
"ED","neg","July","Hyper-arid",1,977.448208608059,59.7988100502414,1634.56130278651,66324.3336891348,2.4644971338088
"ED","neg","July","Hyper-arid",3,0,0,1634.56130278651,66324.3336891348,2.4644971338088
"ED","neg","July","Hyper-arid",6,0,0,1634.56130278651,66324.3336891348,2.4644971338088
"ED","neg","July","Hyper-arid",9,110.872175025986,6.78299277224884,1634.56130278651,66324.3336891348,2.4644971338088
"ED","neg","July","Hyper-arid",12,546.24091915247,33.4181971775098,1634.56130278651,66324.3336891348,2.4644971338088
"ED","neg","July","Arid",1,93936.3472230347,90.0107039013725,104361.307212933,8948730.28649195,1.16621357300784
"ED","neg","July","Arid",3,7127.57660256451,6.82971188548051,104361.307212933,8948730.28649195,1.16621357300784
"ED","neg","July","Arid",6,914.347783316364,0.876136767289414,104361.307212933,8948730.28649195,1.16621357300784
"ED","neg","July","Arid",9,914.026431868729,0.875828845267146,104361.307212933,8948730.28649195,1.16621357300784
"ED","neg","July","Arid",12,1469.00917214859,1.40761860059045,104361.307212933,8948730.28649195,1.16621357300784
"ED","neg","July","Semi-arid",1,84017.5666471764,58.9860605907216,142436.307503458,20128659.9872348,0.707629358306955
"ED","neg","July","Semi-arid",3,13263.1758584445,9.31165381279104,142436.307503458,20128659.9872348,0.707629358306955
"ED","neg","July","Semi-arid",6,5307.43227305224,3.72617934716075,142436.307503458,20128659.9872348,0.707629358306955
"ED","neg","July","Semi-arid",9,10875.5983893612,7.63541163063155,142436.307503458,20128659.9872348,0.707629358306955
"ED","neg","July","Semi-arid",12,28972.534335424,20.3406946186951,142436.307503458,20128659.9872348,0.707629358306955
"ED","neg","July","Dry sub-humid",1,62111.8235573879,43.5232862096398,142709.406771842,10048958.1917292,1.42014131265169
"ED","neg","July","Dry sub-humid",3,12995.2857415324,9.10611713375608,142709.406771842,10048958.1917292,1.42014131265169
"ED","neg","July","Dry sub-humid",6,4496.47398789226,3.15079018938187,142709.406771842,10048958.1917292,1.42014131265169
"ED","neg","July","Dry sub-humid",9,12130.862945663,8.50039476728916,142709.406771842,10048958.1917292,1.42014131265169
"ED","neg","July","Dry sub-humid",12,50974.9605393663,35.7194116999331,142709.406771842,10048958.1917292,1.42014131265169
"ED","neg","July","Humid",1,4322611.55755246,64.7166045144109,6679292.88006728,68616057.4020904,9.73430000637692
"ED","neg","July","Humid",3,731357.435867941,10.949623695204,6679292.88006728,68616057.4020904,9.73430000637692
"ED","neg","July","Humid",6,492608.428847507,7.37515838416913,6679292.88006728,68616057.4020904,9.73430000637692
"ED","neg","July","Humid",9,480880.578621183,7.19957317721823,6679292.88006728,68616057.4020904,9.73430000637692
"ED","neg","July","Humid",12,651834.879178367,9.75904022899777,6679292.88006728,68616057.4020904,9.73430000637692
"ED","neg","October","Hyper-arid",1,970.658991324859,37.3224949084624,2600.73447315221,66324.3336891348,3.92123724203845
"ED","neg","October","Hyper-arid",3,216.500877835278,8.32460522480284,2600.73447315221,66324.3336891348,3.92123724203845
"ED","neg","October","Hyper-arid",6,872.6227438881,33.552934868835,2600.73447315221,66324.3336891348,3.92123724203845
"ED","neg","October","Hyper-arid",9,0,0,2600.73447315221,66324.3336891348,3.92123724203845
"ED","neg","October","Hyper-arid",12,540.951860103973,20.7999649978998,2600.73447315221,66324.3336891348,3.92123724203845
"ED","neg","October","Arid",1,61809.5117529123,64.0125951437023,96558.3595137112,8948730.28649195,1.07901742953931
"ED","neg","October","Arid",3,23385.3150034646,24.2188404206929,96558.3595137112,8948730.28649195,1.07901742953931
"ED","neg","October","Arid",6,6740.09302063249,6.9803309154972,96558.3595137112,8948730.28649195,1.07901742953931
"ED","neg","October","Arid",9,2581.08731075832,2.67308529655769,96558.3595137112,8948730.28649195,1.07901742953931
"ED","neg","October","Arid",12,2042.35242594321,2.11514822354993,96558.3595137112,8948730.28649195,1.07901742953931
"ED","neg","October","Semi-arid",1,272192.111500409,59.0899663229411,460640.15337699,20128659.9872348,2.28847898304765
"ED","neg","October","Semi-arid",3,75819.7561762355,16.4596498200155,460640.15337699,20128659.9872348,2.28847898304765
"ED","neg","October","Semi-arid",6,40907.915801838,8.88066650332989,460640.15337699,20128659.9872348,2.28847898304765
"ED","neg","October","Semi-arid",9,32052.4239895468,6.95823491603321,460640.15337699,20128659.9872348,2.28847898304765
"ED","neg","October","Semi-arid",12,39667.9459089633,8.6114824376803,460640.15337699,20128659.9872348,2.28847898304765
"ED","neg","October","Dry sub-humid",1,321508.034497287,65.0655477414729,494129.452002383,10048958.1917292,4.91722069665967
"ED","neg","October","Dry sub-humid",3,70726.2602328865,14.3133059456949,494129.452002383,10048958.1917292,4.91722069665967
"ED","neg","October","Dry sub-humid",6,41986.962834875,8.49715852085512,494129.452002383,10048958.1917292,4.91722069665967
"ED","neg","October","Dry sub-humid",9,29447.0871532457,5.95938716745502,494129.452002383,10048958.1917292,4.91722069665967
"ED","neg","October","Dry sub-humid",12,30461.1072840862,6.16460062452206,494129.452002383,10048958.1917292,4.91722069665967
"ED","neg","October","Humid",1,4066438.18867761,64.2112573443266,6332905.40764748,68616057.4020904,9.22948016458687
"ED","neg","October","Humid",3,987704.588165614,15.5963894071875,6332905.40764748,68616057.4020904,9.22948016458687
"ED","neg","October","Humid",6,494482.068567112,7.80813918316147,6332905.40764748,68616057.4020904,9.22948016458687
"ED","neg","October","Humid",9,374768.085486879,5.91779067210271,6332905.40764748,68616057.4020904,9.22948016458687
"ED","neg","October","Humid",12,409512.476750752,6.46642339322173,6332905.40764748,68616057.4020904,9.22948016458687
